"word","...1.x","sem_group","...1.y","V.Mean.Sum","V.SD.Sum","V.Rat.Sum","A.Mean.Sum","A.SD.Sum","A.Rat.Sum","D.Mean.Sum","D.SD.Sum","D.Rat.Sum","V.Mean.M","V.SD.M","V.Rat.M","V.Mean.F","V.SD.F","V.Rat.F","A.Mean.M","A.SD.M","A.Rat.M","A.Mean.F","A.SD.F","A.Rat.F","D.Mean.M","D.SD.M","D.Rat.M","D.Mean.F","D.SD.F","D.Rat.F","V.Mean.Y","V.SD.Y","V.Rat.Y","V.Mean.O","V.SD.O","V.Rat.O","A.Mean.Y","A.SD.Y","A.Rat.Y","A.Mean.O","A.SD.O","A.Rat.O","D.Mean.Y","D.SD.Y","D.Rat.Y","D.Mean.O","D.SD.O","D.Rat.O","V.Mean.L","V.SD.L","V.Rat.L","V.Mean.H","V.SD.H","V.Rat.H","A.Mean.L","A.SD.L","A.Rat.L","A.Mean.H","A.SD.H","A.Rat.H","D.Mean.L","D.SD.L","D.Rat.L","D.Mean.H","D.SD.H","D.Rat.H"
"abyss",249,0,46,3.9,1.51,21,4.85,2.41,20,4,2.68,21,4.33,1.51,6,3.73,1.53,15,5.12,2.8,8,4.67,2.23,12,3.91,2.88,11,4.1,2.6,10,3.83,1.72,6,3.93,1.49,15,4.8,2.82,10,4.9,2.08,10,4.43,2.79,14,3.14,2.41,7,3.86,1.77,7,3.93,1.44,14,4.57,2.82,14,5.5,0.84,6,3.42,2.57,12,4.78,2.77,9
"accident",136,10,61,2.55,1.25,42,4.93,2.56,43,3,2.11,48,2.55,1.22,22,2.55,1.32,20,4.2,2.51,15,5.32,2.54,28,4.22,2.71,18,2.27,1.2,30,2.52,1.29,21,2.57,1.25,21,4.94,2.58,18,4.92,2.6,25,3.33,2.35,33,2.27,1.22,15,2.36,1.29,25,2.82,1.19,17,5.08,2.7,24,4.74,2.42,19,2.85,2.31,26,3.18,1.89,22
"accordion",121,5,71,5.26,2.08,19,2.94,2.21,18,5.21,2.11,24,6,1.87,5,5,2.15,14,3.2,1.92,5,2.85,2.38,13,4.31,1.89,13,6.27,1.9,11,5.2,2.15,10,5.33,2.12,9,3.14,2.19,7,2.82,2.32,11,4.62,2.06,16,6.38,1.77,8,4.85,2.23,13,6.17,1.47,6,2.92,2.02,12,3,2.76,6,5.27,2.25,15,5.11,1.96,9
"act",35,11,105,5.64,1.71,22,4.19,2.29,21,6.11,2.03,18,6.17,2.64,6,5.4,1.3,15,3.86,2.27,7,4.36,2.37,14,6.44,2.4,9,5.88,1.73,8,5.5,1.83,14,5.86,1.68,7,4.11,2.67,9,4.25,2.09,12,6.2,2.35,10,6,1.69,8,6,1.47,14,5,2,8,4.67,3.39,6,4,1.81,15,5.7,2.21,10,6.62,1.77,8
"actor",142,7,113,6.15,1.27,20,4.35,2.28,20,5.64,1.99,22,6.14,1.35,7,6.15,1.28,13,4,1.94,9,4.64,2.58,11,5,3.1,6,5.88,1.45,16,6,1.25,10,6.33,1.41,9,3.75,2.31,8,4.75,2.26,12,5.8,2.08,15,5.29,1.89,7,6.45,1.37,11,5.78,1.09,9,4.5,2.43,12,4.12,2.17,8,5.64,2.29,11,5.64,1.75,11
"advantage",280,1,181,6.71,1.62,21,3.95,2.36,22,7.19,1.94,36,7.44,1.33,9,6.17,1.64,12,4.5,2.32,12,3.3,2.36,10,6.58,2.61,12,7.5,1.47,24,6.14,2.27,7,7.08,1.19,13,5.11,2.2,9,3.15,2.19,13,6.71,2.14,17,7.63,1.67,19,6.69,1.84,13,6.75,1.28,8,3.78,2.77,9,4.08,2.14,13,7.13,2.39,15,7.24,1.61,21
"analogy",18,9,392,5.24,2.07,21,3.95,2.27,19,5.33,2.12,36,5.5,2.56,8,5.08,1.8,13,3.6,1.67,5,4.07,2.5,14,4.55,2.62,11,5.68,1.82,25,5.54,2.33,13,4.75,1.58,8,4,2.34,12,3.86,2.34,7,5.3,2.32,20,5.38,1.93,16,4.82,2.18,11,5.7,1.95,10,4.09,2.59,11,3.75,1.91,8,5.27,2.16,22,5.43,2.14,14
"animal",147,13,427,7.06,1.95,18,4.3,2.7,20,5.72,2.32,18,6.25,2.49,8,7.7,1.16,10,4.43,2.64,7,4.23,2.83,13,5.64,2.29,11,5.86,2.54,7,6.55,2.21,11,7.86,1.21,7,5,3.12,9,3.73,2.28,11,5.91,2.26,11,5.43,2.57,7,6.67,2.27,12,7.83,0.75,6,3.92,2.71,12,4.88,2.75,8,6.11,2.85,9,5.33,1.73,9
"area",71,14,572,5.56,1.29,18,2.19,1.6,21,5.06,1.76,18,5.38,1.06,8,5.7,1.49,10,3,2,7,1.79,1.25,14,5,1.61,11,5.14,2.12,7,5.64,1.12,11,5.43,1.62,7,1.89,1.36,9,2.42,1.78,12,5.18,2.23,11,4.86,0.69,7,5.17,1.03,12,6.33,1.51,6,2,1.54,12,2.44,1.74,9,5.11,2.15,9,5,1.41,9
"arm",17,3,583,5.44,1.7,41,3.44,2.05,45,6.02,1.98,44,5,2.14,18,5.78,1.2,23,4.25,2.11,16,2.96,1.93,28,5.48,2.23,23,6.6,1.54,20,5.6,1.65,30,5,1.84,11,2.89,2.17,18,3.81,1.92,27,5.37,2,27,7.06,1.48,17,5.36,1.71,22,5.53,1.74,19,2.7,2.2,20,4.04,1.74,25,5.89,1.97,35,6.56,2.07,9
"army",67,7,592,4.65,2.03,20,4.49,2.63,43,4.65,2.67,37,5.4,1.52,5,4.4,2.16,15,4.3,2.75,10,4.56,2.68,32,4.47,2.67,17,4.8,2.73,20,5.4,1.26,10,3.9,2.42,10,5.13,2.75,15,4.14,2.55,28,4.53,2.8,15,4.73,2.64,22,4.42,2.11,12,5,2,8,3.95,2.68,19,4.92,2.57,24,4.36,2.95,14,4.83,2.53,23
"artist",233,7,621,6.76,2.47,21,4.1,2.65,20,6.95,2.17,19,5.85,2.64,13,8.25,1.16,8,5.14,2.79,7,3.54,2.5,13,7,2.08,7,6.92,2.31,12,6.58,2.97,12,7,1.73,9,4.11,2.57,9,4.09,2.84,11,6.7,2.36,10,7.22,2.05,9,7,2.34,12,6.44,2.74,9,5.71,1.5,7,3.23,2.77,13,7.57,1.62,7,6.58,2.43,12
"avoidance",138,0,784,3.35,1.39,20,4.95,2.39,20,4.88,2.47,26,3.55,1.37,11,3.11,1.45,9,4.71,2.14,7,5.08,2.6,13,4.46,2.44,13,5.31,2.53,13,3.27,1.35,11,3.44,1.51,9,5.82,2.4,11,3.89,2.03,9,5.35,2.42,17,4,2.45,9,3.6,1.17,10,3.1,1.6,10,5.42,2.31,12,4.25,2.49,8,4.81,2.51,16,5,2.54,10
"awe",290,0,792,6.85,1.79,20,3.83,2.85,23,5.85,1.79,20,6.75,1.83,8,6.92,1.83,12,4,2.53,6,3.76,3.03,17,5.45,1.86,11,6.33,1.66,9,7,1.67,11,6.67,2,9,4.1,3.31,10,3.62,2.57,13,5.54,2.03,13,6.43,1.13,7,6.54,1.98,13,7.43,1.27,7,3.69,2.8,16,4.14,3.18,7,5.75,1.42,12,6,2.33,8
"ball",90,2,855,6.14,1.39,22,3.48,2.02,21,5.47,1.94,17,6.67,1.97,6,5.93,1.16,15,3.29,2.36,7,3.57,1.91,14,5.75,1.83,8,5.38,2.2,8,6.14,1.61,14,6.14,1.07,7,3.33,2.35,9,3.58,1.83,12,6.22,2.22,9,4.62,1.19,8,6.14,1.23,14,6.12,1.73,8,3.33,2.42,6,3.53,1.92,15,6.22,2.22,9,4.62,1.19,8
"band",106,5,876,6.44,1.62,18,4.52,2.93,21,5.56,1.95,18,5.5,1.51,8,7.2,1.32,10,5.14,3.48,7,4.21,2.69,14,5.64,1.96,11,5.43,2.07,7,5.82,1.66,11,7.43,0.98,7,3.78,3.53,9,5.08,2.39,12,6.09,2.17,11,4.71,1.25,7,6,1.6,12,7.33,1.37,6,3.58,3.15,12,5.78,2.17,9,5.56,2.35,9,5.56,1.59,9
"bar",244,3,902,5,1.83,19,4.53,2.46,40,5.48,2.26,48,4,1,3,5.4,1.76,15,4.44,2.53,18,4.76,2.39,21,5.45,2.36,22,5.5,2.21,26,5.67,2.66,6,4.92,1.08,12,4.57,2.4,21,4.47,2.59,19,4.96,2.46,28,6.2,1.77,20,5.17,1.75,12,4.71,2.06,7,4.19,2.62,27,5.23,2.01,13,5.96,2.08,28,4.8,2.38,20
"basketball",26,2,955,5.67,2.01,21,4.35,3.07,23,5.05,2.36,21,6.2,2.77,5,5.5,1.79,16,5.33,2.77,12,3.27,3.13,11,5.36,2.62,11,4.22,1.56,9,5.58,2.39,12,5.78,1.48,9,4.44,2.9,16,4.14,3.67,7,5.45,2.16,11,4.6,2.59,10,5.77,2.09,13,5.5,2,8,4.58,3.24,19,3.25,2.06,4,4.57,2.34,14,6,2.24,7
"battle",242,1,974,3.52,2.23,21,6.25,2.94,20,5.63,2.83,19,4.69,2.02,13,1.62,0.74,8,7.57,1.4,7,5.54,3.33,13,6,2.83,7,5.42,2.94,12,4,2.52,12,2.89,1.69,9,7.11,2.67,9,5.55,3.08,11,7.1,1.66,10,4,3.04,9,3.5,2.47,12,3.56,2.01,9,6.86,2.73,7,5.92,3.09,13,7,1.91,7,4.83,3.04,12
"beach",174,14,988,7.21,1.51,42,5.1,2.23,21,5.7,2.33,53,7.42,1.64,19,7.04,1.4,23,5.5,2.56,8,4.85,2.08,13,5.72,2.22,32,5.8,2.55,20,7.17,1.77,23,7.26,1.15,19,5.67,2.18,9,4.67,2.27,12,5.77,2.6,30,5.73,1.96,22,7.21,1.69,24,7.22,1.26,18,6.1,1.66,10,4.18,2.36,11,5.4,2.38,25,5.96,2.3,28
"bee",56,13,1022,3.68,1.67,22,5.65,2.4,23,5.32,1.63,19,4,1.6,8,3.69,1.65,13,5.62,2.56,8,5.79,2.46,14,4.86,1.46,7,5.45,1.75,11,3.5,1.77,8,4,1.53,13,6.22,2.91,9,5.29,2.05,14,4.14,1.46,7,6,1.35,12,3.18,1.66,11,4.18,1.6,11,5,2.83,9,6.07,2.09,14,5.12,1.63,16,6.33,1.53,3
"beer",131,12,1028,5.67,2.33,18,4.3,2.98,20,5.33,1.97,18,5.62,2.5,8,5.7,2.31,10,4.71,3.3,7,4.08,2.9,13,5.09,1.92,11,5.71,2.14,7,5.73,2.65,11,5.57,1.9,7,4.44,3.4,9,4.18,2.75,11,5.73,1.79,11,4.71,2.21,7,5.58,2.43,12,5.83,2.32,6,3.75,2.96,12,5.12,3,8,5.67,2.55,9,5,1.22,9
"belief",218,8,1049,6.14,1.86,22,3.95,2.36,21,7.18,1.99,22,6,2.15,14,6.38,1.3,8,3.73,2.69,11,4,2.06,9,6,3.1,6,7.62,1.26,16,5.6,2.07,10,6.58,1.62,12,2.82,1.54,11,5.2,2.53,10,7,2.27,13,7.44,1.59,9,5.67,2.1,12,6.7,1.42,10,3.77,2.52,13,4.25,2.19,8,7.25,1.96,12,7.1,2.13,10
"boat",161,14,1295,6.36,1.4,22,4.05,2.18,21,5.59,2.18,17,6.83,1.6,6,6.27,1.33,15,4,2.89,7,4.07,1.86,14,5.33,2.45,9,5.88,1.96,8,6.29,1.59,14,6.71,0.95,7,3.56,2.13,9,4.42,2.23,12,6.22,2.77,9,4.88,0.99,8,6.14,1.51,14,6.75,1.16,8,4.17,2.48,6,4,2.14,15,6.22,2.77,9,4.88,0.99,8
"bonfire",91,5,1331,6.53,1.26,19,4.67,2.58,21,5.35,1.93,20,6.33,1.15,3,6.56,1.31,16,4.5,2.26,6,4.73,2.76,15,5.83,1.47,6,5.14,2.11,14,6.4,1.17,10,6.67,1.41,9,5.14,2.97,7,4.43,2.44,14,5.4,1.78,10,5.3,2.16,10,6.75,1.28,8,6.36,1.29,11,3.89,3.22,9,5.25,1.91,12,5.38,2.67,8,5.33,1.37,12
"boy",20,7,1414,5.84,1.7,38,4.11,2.49,45,5.5,2.13,24,4.57,1.6,14,6.58,1.28,24,3.69,2.41,16,4.39,2.57,28,5.25,1.98,8,5.62,2.25,16,5.52,1.72,21,6.24,1.64,17,3.72,2.74,18,4.37,2.32,27,5.53,2.45,17,5.5,1.22,6,5.95,1.72,19,5.74,1.73,19,3.9,2.77,20,4.28,2.28,25,6.06,2.08,16,4.38,1.85,8
"boyfriend",157,7,1416,7.06,2.41,18,4.9,3.1,21,5.17,2.01,18,5.38,1.92,8,8.4,1.9,10,5.29,2.98,7,4.71,3.24,14,4.91,2.26,11,5.57,1.62,7,6.36,2.34,11,8.14,2.27,7,4.33,3.77,9,5.33,2.57,12,5.27,2.57,11,5,0.58,7,6.42,2.54,12,8.33,1.63,6,4.17,3.38,12,5.89,2.52,9,6.22,1.86,9,4.11,1.62,9
"bribe",19,11,1477,3.32,0.89,19,4.44,2.28,18,4.59,2.67,17,3.45,0.82,11,3.12,0.99,8,5.25,2.87,4,4.21,2.15,14,5.62,2.67,8,3.67,2.45,9,3.38,0.52,8,3.27,1.1,11,4.29,2.36,7,4.55,2.34,11,4.67,3.2,6,4.55,2.5,11,3.46,0.52,13,3,1.41,6,4,2.45,11,5.14,1.95,7,4.29,2.75,7,4.8,2.74,10
"brightness",202,0,1492,7.05,1.65,19,4.39,2.39,23,5.79,2.23,19,6.11,1.54,9,7.9,1.29,10,4,2.38,7,4.73,2.43,15,6,2.36,10,5.56,2.19,9,7.22,1.79,9,6.9,1.6,10,4.9,2.96,10,4.17,1.85,12,6,1.77,8,5.4,2.59,10,7.25,1.66,12,6.71,1.7,7,4.1,2.34,20,6.33,2.08,3,6.25,1.67,8,5.45,2.58,11
"burden",101,6,1610,3.05,2.09,21,3.96,2.16,23,3.14,1.82,21,3.6,2.88,5,2.88,1.86,16,4.5,1.73,12,3.36,2.5,11,3.09,1.76,11,2.89,1.83,9,2.75,2.09,12,3.44,2.13,9,4.25,2.29,16,3.29,1.8,7,3.45,2.07,11,2.8,1.55,10,3.31,2.53,13,2.62,1.06,8,4.05,2.27,19,3.5,1.73,4,3.21,2.01,14,3,1.53,7
"businessman",217,7,1637,5.38,1.83,21,3.36,2.38,22,5.43,1.78,21,5.67,1.58,9,5.17,2.04,12,2.17,1.6,6,3.6,2.44,15,6,2.37,6,5.2,1.52,15,4.44,1.42,9,6.08,1.83,12,3.8,2.17,5,3.24,2.49,17,5.9,1.73,10,5,1.79,11,5.58,1.98,12,5.11,1.69,9,4.33,2.78,9,2.69,1.89,13,5.18,1.94,11,5.7,1.64,10
"cab",60,10,1663,4.81,1.66,21,4.05,2.39,20,6.47,2.57,19,5,1.68,13,4.5,1.69,8,5.29,2.5,7,3.38,2.14,13,6.14,2.85,7,6.67,2.5,12,5,1.86,12,4.56,1.42,9,4,2.4,9,4.09,2.51,11,6.7,2.5,10,6.22,2.77,9,4.83,1.8,12,4.78,1.56,9,5,2.24,7,3.54,2.4,13,6.86,1.86,7,6.25,2.96,12
"cabinet",240,11,1670,5.1,1.04,21,3.75,2.12,20,5.78,1.8,18,5.33,0.89,12,4.78,1.2,9,4.57,2.15,7,3.31,2.06,13,5.9,1.73,10,5.62,2,8,5.5,1,4,5,1.06,17,4.18,1.99,11,3.22,2.28,9,5.71,2.36,7,5.82,1.47,11,5.25,0.97,12,4.89,1.17,9,3.92,2.11,12,3.5,2.27,8,5.33,1.8,9,6.22,1.79,9
"cafeteria",167,3,1679,5.68,1.63,19,4.08,2.08,24,5.36,2.13,28,5.38,0.52,8,5.91,2.12,11,4.78,1.86,9,3.67,2.16,15,5.07,1.77,14,5.64,2.47,14,5.33,1.87,9,6,1.41,10,4.17,1.64,12,4,2.52,12,5.21,2.52,14,5.5,1.74,14,5.6,1.58,10,5.78,1.79,9,4.08,2.15,12,4.08,2.11,12,4.92,1.93,12,5.69,2.27,16
"camera",192,3,1707,6.61,2.17,18,3.05,2.61,20,6.39,2.03,18,5.25,2.12,8,7.7,1.57,10,3,2.77,7,3.08,2.63,13,6.27,2.05,11,6.57,2.15,7,6,2.24,11,7.57,1.81,7,3.33,3.35,9,2.82,1.94,11,6.82,2.04,11,5.71,1.98,7,6.33,2.27,12,7.17,2.04,6,2.75,2.67,12,3.5,2.62,8,7,2,9,5.78,1.99,9
"car",44,10,1767,6.63,1.96,41,4.04,2.27,23,6.41,1.94,22,6.58,2.24,19,6.68,1.73,22,4.36,2.25,11,3.75,2.34,12,6.36,2.25,11,6.45,1.69,11,6.58,2.36,19,6.71,1.62,21,4.36,2.42,11,3.75,2.18,12,5.85,1.95,13,7.22,1.72,9,6.9,1.94,20,6.38,1.99,21,4.45,2.5,11,3.67,2.06,12,6.86,2.18,14,5.62,1.19,8
"care",159,6,1780,7.64,1.29,22,2.67,1.85,21,6.56,1.85,18,6.83,1.72,6,7.93,1.03,15,2.57,2.44,7,2.71,1.59,14,6.11,2.15,9,6.88,1.55,8,7.5,1.34,14,7.86,1.35,7,2.78,2.17,9,2.58,1.68,12,6.7,2.36,10,6.38,1.06,8,7.64,1.39,14,7.62,1.19,8,3.17,2.56,6,2.47,1.55,15,6.8,2.35,10,6.25,1.04,8
"carriage",107,10,1803,6.1,1.48,21,2.52,1.73,25,6,1.89,19,6.22,1.48,9,6,1.54,12,3.17,2.32,6,2.33,1.57,18,4.57,1.13,7,6.83,1.75,12,5.88,1.54,16,6.8,1.1,5,2.14,1.46,14,3.1,2.08,10,5.89,2.2,9,6.1,1.66,10,6.5,1.38,12,5.56,1.51,9,2.94,1.91,16,1.78,1.09,9,6.18,2.04,11,5.75,1.75,8
"carrot",70,12,1805,5.79,2.07,19,3.91,2.81,23,6.37,1.86,19,5.78,1.48,9,5.8,2.57,10,2.43,2.15,7,4.53,2.97,15,6.2,2.04,10,6.56,1.74,9,5.78,2.73,9,5.8,1.4,10,5,2.71,10,2.92,2.75,12,5.75,1.83,8,6.7,1.89,10,5.58,2.31,12,6.14,1.68,7,3.5,2.69,20,6.67,2.31,3,5.75,1.98,8,6.82,1.72,11
"cathedral",43,5,1852,6,1.95,20,3.45,1.76,20,5.04,2.34,25,5.82,2.18,11,6.22,1.72,9,3.67,1.97,6,3.36,1.74,14,4.5,2.46,10,5.4,2.26,15,6.5,1.91,4,5.88,2,16,3.8,1.48,10,3.1,2.02,10,3.86,2.12,7,5.5,2.31,18,6.09,2.07,11,5.89,1.9,9,4,1.73,13,2.43,1.4,7,5,2.74,9,5.06,2.17,16
"chair",282,3,1924,5.89,1.33,19,2.86,2.01,43,5.28,2.24,50,5.89,1.17,9,5.9,1.52,10,3.07,2.52,15,2.75,1.71,28,4.96,2.34,26,5.62,2.12,24,5.89,1.54,9,5.9,1.2,10,3.56,2.28,18,2.36,1.66,25,4.76,2.26,21,5.66,2.19,29,5.92,1.44,12,5.86,1.21,7,2.67,2.08,24,3.11,1.94,19,4.96,2.26,24,5.58,2.23,26
"change",165,1,1941,5.09,1.93,22,4.05,2.22,21,5.81,2.26,16,4.17,2.48,6,5.4,1.68,15,3.29,1.89,7,4.43,2.34,14,5,2.51,8,6.62,1.77,8,4.5,1.99,14,6.14,1.46,7,3.78,1.92,9,4.25,2.49,12,6.12,2.64,8,5.5,1.93,8,4.93,1.21,14,5.38,2.88,8,4.33,2.34,6,3.93,2.25,15,6.5,2.67,8,5.12,1.64,8
"chicken",8,12,2026,6.17,1.86,18,3.2,2.57,20,5.22,1.99,18,5.38,1.69,8,6.8,1.81,10,2.86,1.95,7,3.38,2.9,13,5.45,1.92,11,4.86,2.19,7,5.82,1.83,11,6.71,1.89,7,2.56,2.65,9,3.73,2.49,11,5.27,2.15,11,5.14,1.86,7,5.5,1.57,12,7.5,1.76,6,2.75,2.45,12,3.88,2.75,8,5.78,2.39,9,4.67,1.41,9
"choir",74,5,2062,6.15,1.87,20,3.29,2.15,21,4.68,2.25,25,6.5,3.11,4,6.06,1.57,16,3.75,2.36,4,3.18,2.16,17,4.78,2.28,9,4.62,2.31,16,6.12,1.64,8,6.17,2.08,12,2.9,1.97,10,3.64,2.34,11,4.57,1.95,14,4.82,2.68,11,5.91,1.87,11,6.44,1.94,9,2.8,1.81,10,3.73,2.41,11,4.78,2.44,18,4.43,1.81,7
"class",271,1,2157,5.73,1.52,22,4.43,1.99,21,5.24,2.31,17,5.33,2.25,6,5.93,1.22,15,3.29,2.63,7,5,1.36,14,5.11,2.42,9,5.38,2.33,8,5.64,1.74,14,6,1.15,7,4.56,1.67,9,4.33,2.27,12,5.33,2.96,9,5.12,1.46,8,5.5,1.74,14,6.12,0.99,8,4.67,2.07,6,4.33,2.02,15,5.67,2.83,9,4.75,1.58,8
"cloud",93,4,2236,6.2,1.58,20,2.81,2.02,21,4.79,2.83,33,6.2,1.55,10,6.2,1.69,10,3.12,1.73,8,2.62,2.22,13,4,2.8,13,5.3,2.79,20,5.78,1.48,9,6.55,1.63,11,3.38,2.14,13,1.88,1.46,8,4.86,2.8,21,4.67,2.99,12,6.2,1.75,10,6.2,1.48,10,2.86,2.28,14,2.71,1.5,7,5.12,2.58,16,4.47,3.08,17
"clue",257,9,2246,5.38,1.77,21,3.52,2.27,23,5.39,2.28,18,5.67,2.29,9,5.17,1.34,12,3.55,2.02,11,3.5,2.58,12,5.3,2.11,10,5.5,2.62,8,5.29,2.36,7,5.46,1.56,13,3.73,2.37,11,3.33,2.27,12,4.71,2.63,7,5.82,2.04,11,5.31,2.14,13,5.5,1.07,8,3.82,2.4,11,3.25,2.22,12,5.44,2.13,9,5.33,2.55,9
"coffee",23,12,2290,7,1.23,22,5.1,2.79,21,6.12,2.12,17,7,1.55,6,7,1.2,15,6,3.06,7,4.64,2.65,14,5.44,2.24,9,6.88,1.81,8,6.86,1.23,14,7.29,1.38,7,4.11,2.89,9,5.83,2.59,12,6.33,2.65,9,5.88,1.46,8,7.07,1.33,14,6.88,1.13,8,4.33,3.08,6,5.4,2.72,15,6.11,2.52,9,6.12,1.73,8
"college",164,5,2325,6.44,1.72,18,4,2.77,20,5.89,1.97,18,6,0.93,8,6.8,2.15,10,5.29,2.5,7,3.31,2.75,13,5.64,1.36,11,6.29,2.75,7,5.91,1.58,11,7.29,1.7,7,4.67,3.43,9,3.45,2.11,11,6.36,1.57,11,5.14,2.41,7,5.83,1.53,12,7.67,1.51,6,3.67,2.87,12,4.5,2.73,8,6,2.06,9,5.78,1.99,9
"color",297,3,2337,7.05,2.22,19,3.18,1.62,22,5.95,1.8,44,6.17,3.13,6,7.46,1.66,13,3.17,1.59,12,3.2,1.75,10,5.55,1.92,22,6.36,1.62,22,6.6,2.5,10,7.56,1.88,9,3.11,1.76,9,3.23,1.59,13,5.79,1.97,29,6.27,1.44,15,7,2.78,8,7.09,1.87,11,3.33,1.41,9,3.08,1.8,13,5.8,2,25,6.16,1.54,19
"comment",252,11,2382,5.65,1.73,20,3.56,2.12,18,5.96,2.29,24,5.4,0.89,5,5.73,1.94,15,3.8,1.64,5,3.46,2.33,13,4.92,2.02,13,7.18,2.04,11,6.5,1.58,10,4.8,1.48,10,4.14,2.12,7,3.18,2.14,11,5,2.07,16,7.88,1.36,8,5.36,1.74,14,6.33,1.63,6,3.75,1.96,12,3.17,2.56,6,6.13,2.72,15,5.67,1.41,9
"company",152,1,2415,5.64,1.36,22,3.29,2.1,21,5,2.1,16,5.33,0.82,6,5.73,1.58,15,2.86,2.34,7,3.5,2.03,14,5.25,2.25,8,4.75,2.05,8,5.36,1.39,14,6.14,1.35,7,3.33,2.24,9,3.25,2.09,12,5.22,2.82,9,4.71,0.49,7,5.14,0.77,14,6.5,1.77,8,4,3.1,6,3,1.6,15,5.11,2.67,9,4.86,1.21,7
"complaint",224,11,2439,3.21,1.84,19,4.29,1.87,21,3.75,1.7,24,3.17,1.47,6,3.23,2.05,13,4.17,1.99,12,4.44,1.81,9,5,1.69,8,3.12,1.36,16,3.3,1.06,10,3.11,2.52,9,4.33,2.06,9,4.25,1.82,12,3.82,1.78,17,3.5,1.76,6,2.5,1.2,8,3.73,2.1,11,3.56,2.01,9,4.83,1.64,12,3.88,1.67,16,3.5,1.85,8
"computer",123,1,2473,6.84,2.01,19,4.92,2.96,38,6.58,2.23,45,8.33,1.15,3,6.87,1.68,15,6.44,3.22,16,3.82,2.24,22,6.62,2.27,21,6.54,2.25,24,6.5,2.35,6,7.42,1.24,12,5,3.27,19,4.84,2.71,19,6.16,2.48,19,6.88,2.03,26,7,2,12,6.57,2.15,7,4.2,2.88,20,5.72,2.93,18,7.19,1.78,21,6.04,2.48,24
"conversation",251,9,2687,6.72,1.56,18,2.65,2.3,20,6.28,1.49,18,5.62,1.19,8,7.6,1.26,10,3.71,3.04,7,2.08,1.66,13,6.55,1.75,11,5.86,0.9,7,6.27,1.56,11,7.43,1.4,7,2.11,1.76,9,3.09,2.66,11,6.36,1.43,11,6.14,1.68,7,6.33,1.56,12,7.5,1.38,6,2,1.48,12,3.62,3.02,8,6.67,1.5,9,5.89,1.45,9
"cooking",160,12,2705,6.77,1.85,22,4.19,2.62,21,7.27,2.12,22,6.79,2.15,14,6.75,1.28,8,4.27,2.9,11,4.33,2.45,9,6.67,2.88,6,7.5,1.83,16,6.7,2.41,10,6.83,1.34,12,4.09,2.77,11,4.3,2.58,10,6.85,2.3,13,7.89,1.76,9,6.92,1.88,12,6.6,1.9,10,3.77,2.71,13,4.88,2.47,8,7.25,2.18,12,7.3,2.16,10
"cost",288,1,2778,4.11,1.97,18,4.9,2.77,21,3.67,1.81,18,4,1.85,8,4.2,2.15,10,4.29,2.87,7,5.21,2.78,14,4.09,1.7,11,3,1.91,7,4,1.61,11,4.29,2.56,7,4.22,2.91,9,5.42,2.68,12,3.73,1.79,11,3.57,1.99,7,4.58,2.07,12,3.17,1.47,6,3.67,2.27,12,6.56,2.6,9,4,1.94,9,3.33,1.73,9
"couple",268,9,2808,7.11,1.49,19,4.95,2.4,22,5.61,2.21,44,6.78,1.39,9,7.4,1.58,10,5.42,2.57,12,4.4,2.17,10,5.35,2.17,23,5.85,2.32,20,7.78,1.2,9,6.5,1.51,10,5.89,2.76,9,4.31,1.97,13,5.22,2.34,27,6.24,1.89,17,7.08,1.51,12,7.14,1.57,7,5.11,2.37,9,4.85,2.51,13,5.77,2.2,35,5,2.29,9
"court",112,11,2814,3.52,2.09,21,4.43,2.71,21,3.94,2.48,18,4.33,2.73,6,3.14,1.83,14,4.14,3.02,7,4.57,2.65,14,4.33,2,9,3.12,2.85,8,3.38,2.06,13,3.71,2.43,7,4,2.65,9,4.75,2.83,12,4.8,2.78,10,2.88,1.64,8,3.08,1.44,13,4.25,2.82,8,4.83,3.19,6,4.27,2.6,15,3.8,3.05,10,4.12,1.73,8
"crap",140,9,2863,3.44,1.69,18,4.62,2.36,21,4.11,1.91,18,4,0.53,8,3,2.16,10,4.86,2.34,7,4.5,2.44,14,4,1.61,11,4.29,2.43,7,3.64,0.92,11,3.14,2.54,7,4.56,2.6,9,4.67,2.27,12,4.27,2.33,11,3.86,1.07,7,3.92,1.68,12,2.5,1.38,6,3.83,2.29,12,5.67,2.12,9,5,2.24,9,3.22,0.97,9
"crib",250,3,2908,6.43,2.34,21,4.26,2.73,19,4.77,2.44,35,6,2.98,8,6.69,1.93,13,4,2.55,5,4.36,2.87,14,4.27,2.2,11,5,2.55,24,6.08,2.75,13,7,1.41,8,4.36,2.91,11,4.12,2.64,8,4.8,2.61,20,4.73,2.28,15,5.18,2.23,11,7.8,1.62,10,4.45,2.91,11,4,2.62,8,4.82,2.46,22,4.69,2.5,13
"criminal",194,11,2911,2.11,0.81,19,4.49,2.62,45,4.09,2.63,58,2,1,3,2.13,0.83,15,3.45,2.21,11,4.91,2.67,33,3.75,2.57,20,4.19,2.68,37,2,0.63,6,2.17,0.94,12,4.31,2.57,26,4.89,2.72,18,4.62,2.58,34,3.17,2.5,23,2,0.85,12,2.29,0.76,7,4.67,2.6,27,4.22,2.69,18,4.16,2.75,37,3.95,2.46,21
"cup",120,2,3000,5.94,2.04,18,2.6,2.01,20,5.28,1.74,18,5,2.14,8,6.7,1.7,10,2.86,2.48,7,2.46,1.81,13,5,1.9,11,5.71,1.5,7,5.45,2.07,11,6.71,1.89,7,2,1.5,9,3.09,2.3,11,5.82,1.66,11,4.43,1.62,7,5.75,2.18,12,6.33,1.86,6,2.75,1.86,12,2.38,2.33,8,5.11,2.42,9,5.44,0.73,9
"cyclone",14,4,3045,3.47,1.8,43,5.09,2.72,47,3.18,1.92,44,4.05,2.01,20,2.96,1.46,23,4.64,2.37,14,5.27,2.86,33,3,1.78,23,3.3,2.11,20,4.31,1.92,16,2.96,1.56,27,5.13,2.85,23,5.04,2.65,24,2.93,1.54,27,3.59,2.4,17,3.68,1.83,19,3.29,1.81,24,4.8,2.86,25,5.41,2.58,22,3.4,1.96,35,2.33,1.58,9
"damage",76,4,3065,2.98,1.67,42,4.86,2.61,43,3.46,1.64,24,3.69,1.54,16,2.54,1.63,26,4.8,2.82,10,4.88,2.64,32,3.88,1.89,8,3.25,1.53,16,3.4,1.73,20,2.33,1.02,21,5.53,2.77,15,4.5,2.5,28,3.65,1.62,17,2.67,1.63,6,3.21,1.82,24,2.67,1.46,18,4.47,2.61,19,5.17,2.63,24,3.44,1.55,16,3.5,1.93,8
"darkness",16,0,3087,4.71,1.93,21,4.08,2.04,25,4.82,2.61,22,5.25,1.49,8,4.38,2.14,13,4.08,2.25,13,4.08,1.88,12,5,2.8,13,4.56,2.46,9,5,1.69,8,4.83,1.9,12,4.86,1.7,14,3.09,2.07,11,4.67,2.87,12,5,2.4,10,4.3,2.06,10,5.09,1.81,11,3.53,2.07,17,5.25,1.49,8,5,2.91,10,4.67,2.46,12
"day",0,1,3100,6.36,1.4,22,3.62,2.31,21,5.59,2.06,17,6,1.26,6,6.47,1.51,15,2.57,2.15,7,4.14,2.28,14,5.33,2.55,9,5.88,1.46,8,6.07,1.33,14,6.86,1.57,7,3.56,2.13,9,3.67,2.53,12,5.78,2.54,9,5.38,1.51,8,6.43,1.5,14,6.25,1.28,8,4.5,3.02,6,3.27,1.98,15,5.89,2.57,9,5.25,1.39,8
"death",267,7,3120,1.89,1.24,19,5.53,2.62,43,3.42,2.36,19,1.33,0.58,3,1.93,1.33,15,5.85,2.54,20,5.26,2.72,23,3.2,2.39,10,3.67,2.45,9,1.83,1.6,6,1.83,1.11,12,5.65,2.74,17,5.46,2.6,26,3.25,1.67,8,3.7,2.95,10,1.83,1.11,12,2,1.53,7,5.6,2.25,25,5.44,3.13,18,2.12,0.83,8,4.36,2.69,11
"debate",216,11,3125,4.95,1.39,20,4.86,2.41,21,5.96,2.41,25,4.67,1.53,3,5,1.41,17,5.14,2.27,7,4.77,2.65,13,6.62,2,8,5.65,2.57,17,4.57,1.27,7,5.15,1.46,13,4.71,2.56,7,5,2.52,13,6.14,2.66,14,5.73,2.15,11,5,1.12,9,4.91,1.64,11,4.45,2.42,11,5.3,2.45,10,5.56,2.53,18,7,1.83,7
"deceit",95,0,3143,2.89,2.02,19,5.62,1.94,21,4.24,2.22,25,3.44,1.88,9,2.4,2.12,10,5.88,2.42,8,5.46,1.66,13,4.38,1.77,8,4.18,2.46,17,3.71,1.6,7,2.42,2.15,12,5.33,2,9,5.83,1.95,12,4.43,2.06,14,4,2.49,11,2.4,1.51,10,3.44,2.46,9,6.1,1.29,10,5.18,2.36,11,3.67,2.3,18,5.71,1.11,7
"delirium",63,0,3246,3.4,1.6,20,4.94,2.82,18,3.27,1.88,22,3.4,1.52,5,3.4,1.68,15,5.67,2.66,6,4.58,2.94,12,3.8,1.62,10,2.83,2.04,12,3.4,1.35,10,3.4,1.9,10,5.3,2.79,10,4.5,2.98,8,3.91,2.12,11,2.64,1.43,11,3.08,1.62,12,3.88,1.55,8,3.78,3.42,9,6.11,1.45,9,4.09,1.87,11,2.45,1.57,11
"denial",182,11,3276,3.57,1.78,21,4.85,2.46,20,4.05,1.99,21,4,2,6,3.4,1.72,15,5.5,2.62,8,4.42,2.35,12,4.09,1.76,11,4,2.31,10,3.33,1.86,6,3.67,1.8,15,5.1,2.6,10,4.6,2.41,10,3.86,2.11,14,4.43,1.81,7,3.86,1.86,7,3.43,1.79,14,4.5,2.59,14,5.67,2.07,6,3.92,2.15,12,4.22,1.86,9
"depression",109,0,3311,2.44,1.87,43,5.2,2.09,20,3.33,2.38,18,2.41,1.62,22,2.48,2.14,21,5.71,2.69,7,4.92,1.75,13,2.8,2.49,10,4,2.2,8,2.55,1.79,22,2.33,1.98,21,4.6,2.17,10,5.8,1.93,10,3.43,2.76,7,3.27,2.24,11,2.54,1.9,26,2.29,1.86,17,5.42,1.98,12,4.88,2.36,8,2.22,1.2,9,4.44,2.79,9
"dime",278,3,3470,5.58,1.89,19,3.52,2.34,21,5.32,2.79,19,5.67,0.58,3,5.56,2.06,16,3.5,2.26,6,3.53,2.45,15,5,2.28,6,5.46,3.07,13,5.1,1.45,10,6.11,2.26,9,3.43,2.64,7,3.57,2.28,14,4.56,2.88,9,6,2.67,10,5.5,1.69,8,5.64,2.11,11,3.11,2.42,9,3.83,2.33,12,5.57,3.31,7,5.17,2.59,12
"dinner",102,12,3483,6.4,2.02,42,3.85,2.34,47,6.05,2.42,20,6.21,1.81,14,6.5,2.15,28,4,3.07,11,3.79,2.17,34,5.83,2.23,6,6.14,2.57,14,6.3,2.03,23,6.53,2.06,19,3.88,2.44,26,3.79,2.37,19,5.7,2.45,10,6.4,2.46,10,6.25,2.21,24,6.61,1.79,18,3.86,2.32,28,3.84,2.43,19,5,3.02,8,6.75,1.71,12
"diplomat",128,7,3491,4.65,1.76,20,3.65,2.01,23,5.67,2.18,21,4.6,1.82,5,4.67,1.8,15,4.33,1.61,12,2.91,2.21,11,6,1.73,11,4.89,2.42,9,4.75,2.01,12,4.5,1.41,8,4.06,2.08,16,2.71,1.6,7,4.64,1.5,11,6.8,2.3,10,5,1.96,13,4,1.15,7,3.74,2.05,19,3.25,2.06,4,5.07,2.16,14,6.86,1.77,7
"distraction",265,0,3648,4.05,1.13,19,3.94,2.1,18,4,2.03,17,4.27,1.1,11,3.75,1.16,8,3.75,2.22,4,4,2.15,14,3.88,2.42,8,4.11,1.76,9,4,1.07,8,4.09,1.22,11,3.57,2.07,7,4.18,2.18,11,3.83,1.83,6,4.09,2.21,11,3.85,1.21,13,4.5,0.84,6,3.73,2.24,11,4.29,1.98,7,4,2.16,7,4,2.05,10
"doctor",113,7,3688,5.93,1.89,41,4.05,2.4,21,4.69,2.05,26,6.23,1.74,13,5.79,1.97,28,3.71,2.63,7,4.31,2.43,13,4.23,1.92,13,5.15,2.15,13,5.59,1.7,17,6.17,2.01,24,4.57,2.76,7,3.85,2.34,13,4.12,2,17,5.78,1.79,9,5.65,2.14,23,6.28,1.49,18,4,2.28,11,4.1,2.64,10,4.56,2,16,4.9,2.23,10
"dog",200,13,3699,7,2.07,42,5.43,2.64,21,5.73,2.06,55,7.07,2.09,14,6.96,2.1,28,6,1.77,8,5.08,3.07,13,6,2.14,26,5.57,1.97,28,7.09,2.13,23,6.89,2.05,19,5.67,3,9,5.25,2.45,12,5.91,2.01,35,5.53,2.14,19,7.38,1.88,24,6.5,2.26,18,4.8,3.05,10,6,2.19,11,5.75,2.01,28,5.7,2.15,27
"door",180,3,3727,5.43,1.23,42,3.19,2.04,21,6.1,2.06,41,5.58,1.46,19,5.3,1.02,23,4.12,1.96,8,2.62,1.94,13,5.9,2.07,21,6.3,2.08,20,5.7,1.43,23,5.11,0.88,19,2.78,1.79,9,3.5,2.24,12,5.53,2.32,17,6.5,1.79,24,5.62,1.44,24,5.17,0.86,18,3.7,2,10,2.73,2.05,11,6,2.25,16,6.16,1.97,25
"dread",277,0,3792,3,1.89,19,4.5,2.4,20,3.62,2.2,24,3.23,2.17,13,2.5,1.05,6,4.4,1.95,5,4.53,2.59,15,3.69,2.1,13,3.55,2.42,11,3.89,2.37,9,2.2,0.79,10,4.86,2.48,7,4.31,2.43,13,4.36,2.29,11,3,2,13,3.33,2.5,9,2.7,1.16,10,3.9,2.28,10,5.1,2.47,10,4,2.55,9,3.4,2.03,15
"dress",214,3,3802,6.42,2.14,19,4.73,2.44,45,6.64,2.15,22,7,2,3,6.47,2.2,15,4.19,1.94,21,5.21,2.77,24,6,1.7,10,7.17,2.41,12,6.5,2.66,6,6.58,1.93,12,4.7,2.27,27,4.78,2.76,18,6.64,2.77,11,6.64,1.43,11,7.17,1.75,12,5.14,2.27,7,5.3,2.31,30,3.6,2.38,15,6.73,2.72,11,6.55,1.51,11
"drink",173,12,3811,6.67,1.83,21,5.19,2.56,21,5.87,2.2,15,6,2.76,6,7.07,1.27,14,3.57,2.44,7,6,2.29,14,5.43,2.64,7,6.25,1.83,8,6.85,2.15,13,6.57,1.13,7,5.89,2.47,9,4.67,2.61,12,5.75,2.87,8,6,1.29,7,6.23,2.17,13,7.38,0.74,8,5.33,3.27,6,5.13,2.36,15,6.12,2.8,8,5.57,1.4,7
"drug",69,6,3829,4.11,1.84,18,4.48,2.52,21,3.67,2.2,18,4.12,1.81,8,4.1,1.97,10,6.14,2.41,7,3.64,2.21,14,3.55,1.86,11,3.86,2.79,7,3.73,1.79,11,4.71,1.89,7,4.22,3.03,9,4.67,2.19,12,2.73,1.56,11,5.14,2.34,7,4,1.95,12,4.33,1.75,6,3.83,2.48,12,5.33,2.45,9,3.56,2.01,9,3.78,2.49,9
"duck",162,13,3847,6.11,1.2,19,4,1.84,21,5.3,2.08,23,5.33,0.58,3,6.25,1.24,16,4.62,1.41,8,3.62,2.02,13,5.89,1.96,9,4.93,2.13,14,6.56,1.13,9,5.7,1.16,10,4.11,1.62,9,3.92,2.07,12,5.93,2.15,15,4.12,1.36,8,6.43,0.98,7,5.92,1.31,12,4.2,1.75,10,3.82,1.99,11,5.62,2.53,13,4.9,1.29,10
"ease",208,6,3915,6.15,2.13,20,2.45,1.41,22,6.42,1.98,19,6.33,2.29,9,6,2.1,11,2.2,1.64,5,2.62,1.36,16,7,2.68,6,6.15,1.63,13,6.57,1.79,14,5.17,2.71,6,2.67,1.3,12,2.33,1.58,9,5.67,1.73,9,7.1,2.02,10,6.4,2.22,10,5.9,2.13,10,2.25,1.36,12,2.7,1.49,10,7.33,1.51,6,6,2.08,13
"egg",133,13,3961,5.95,1.43,19,3.28,2.46,46,5.74,1.59,19,5.33,2.08,3,6.06,1.34,16,4.53,2.41,19,2.41,2.14,27,5.8,1.48,10,5.67,1.8,9,6.5,0.71,10,5.33,1.8,9,3.91,2.2,22,2.71,2.6,24,5.5,1.07,8,6,2,10,5.88,1.55,8,6,1.41,11,3.65,2.73,31,2.53,1.64,15,5,0.53,8,6.27,1.9,11
"eggplant",198,12,3964,5.55,1.57,22,3.14,1.68,21,5.77,1.97,22,5.79,1.89,14,5.12,0.64,8,3.45,1.57,11,3,1.8,9,5.33,1.37,6,5.94,2.17,16,5.7,1.49,10,5.42,1.68,12,3.36,1.86,11,2.9,1.52,10,5.77,1.17,13,5.78,2.86,9,5.92,1.24,12,5.1,1.85,10,2.85,1.82,13,3.62,1.41,8,5.42,2.02,12,6.2,1.93,10
"election",4,11,3984,4.5,1.74,22,4.23,2.3,26,5,2.54,23,5.22,2.28,9,4,1.08,13,4,2.54,10,4.38,2.22,16,5.62,2.77,8,4.67,2.44,15,5.12,2.1,8,4.14,1.46,14,4.31,2.18,13,4.15,2.51,13,5.5,1.98,12,4.45,3.05,11,4.5,0.8,12,4.5,2.51,10,3.93,2.31,15,4.64,2.34,11,4.83,2.76,12,5.18,2.4,11
"elm",118,13,4017,6.32,1.38,19,3.05,2.13,21,5.43,2.11,23,5.2,0.45,5,6.85,1.34,13,3.33,2.73,6,2.93,1.94,15,5.6,2.12,10,5.31,2.18,13,5.71,1.38,7,6.82,1.25,11,2.86,2.67,7,3.14,1.92,14,4.91,1.64,11,5.92,2.43,12,6,1.28,12,6.86,1.46,7,3,2.37,11,3.1,1.97,10,5.79,2.01,14,4.89,2.26,9
"emptiness",124,0,4068,3.26,2.28,23,3.18,2.46,22,4.1,2.2,20,4.12,2.1,8,2.8,2.31,15,2.4,1.9,10,3.83,2.76,12,5.71,2.06,7,3.23,1.79,13,3.83,2.52,12,2.64,1.91,11,3.64,3.04,11,2.73,1.74,11,4,2.33,15,4.4,1.95,5,2.64,1.43,11,3.83,2.79,12,4.5,2.88,10,2.08,1.38,12,3.3,1.83,10,4.9,2.33,10
"engineer",206,7,4114,5.79,1.65,19,4.22,2.05,18,6.53,2.07,17,6.27,1.35,11,5.12,1.89,8,4.75,2.63,4,4.07,1.94,14,6,2.39,8,7,1.73,9,6,1.31,8,5.64,1.91,11,4.43,2.51,7,4.09,1.81,11,5.83,2.14,6,6.91,2.02,11,5.54,1.51,13,6.33,1.97,6,4,2.14,11,4.57,1.99,7,7.14,2.41,7,6.1,1.79,10
"envy",272,0,4167,3.05,1.85,20,4.35,2.8,20,3.16,2.08,25,3,1.63,4,3.06,1.95,16,3,2.71,4,4.69,2.8,16,4,2.35,9,2.69,1.82,16,3.25,1.28,8,2.92,2.19,12,4.11,2.57,9,4.55,3.08,11,3,1.8,14,3.36,2.46,11,3,1.41,11,3.11,2.37,9,4.4,2.55,10,4.3,3.16,10,3.33,2.14,18,2.71,1.98,7
"era",94,1,4189,5.29,1.35,21,3.62,2.4,21,4.92,1.87,26,5.45,1.37,11,5.1,1.37,10,3.82,2.75,11,3.4,2.07,10,5.36,2.2,11,4.64,1.65,14,5.3,1.77,10,5.27,0.9,11,4.2,2.94,10,3.09,1.76,11,5.35,1.93,17,4.12,1.64,8,5.46,1.71,13,5,0,8,3.93,2.59,14,3,2,7,5,2.06,17,4.78,1.56,9
"excuse",274,9,4301,4.52,1.75,21,3.61,1.97,44,4.72,2.16,54,5.44,1.74,9,3.83,1.47,12,3.75,2.14,16,3.52,1.93,27,5.04,2.62,25,4.46,1.69,28,4.86,2.27,7,4.31,1.55,13,3.72,2.02,18,3.54,1.96,26,4.97,2.1,34,4.32,2.31,19,4.15,1.99,13,5.12,1.13,8,2.79,1.93,19,4.24,1.79,25,4.81,2.4,27,4.63,1.92,27
"eye",79,3,4405,6.18,1.47,22,3.95,2.27,21,5.72,1.93,18,5.83,1.72,6,6.33,1.45,15,4.43,2.7,7,3.71,2.09,14,5.11,1.96,9,6.38,1.92,8,6,1.66,14,6.57,1.13,7,4,2.6,9,3.92,2.11,12,5.4,2.22,10,6.12,1.55,8,6.21,1.58,14,6.12,1.36,8,3.83,2.93,6,4,2.07,15,6.3,2.36,10,5,0.93,8
"faith",68,8,4443,6.44,2.5,18,3.4,2.06,20,5.5,2.66,18,5,2.27,8,7.6,2.12,10,3.57,1.51,7,3.31,2.36,13,5.18,2.64,11,6,2.83,7,5.91,2.51,11,7.29,2.43,7,3,2.12,9,3.73,2.05,11,6.18,2.32,11,4.43,2.99,7,6.08,2.71,12,7.17,2.04,6,3.25,1.91,12,3.62,2.39,8,5,3.28,9,6,1.94,9
"family",253,7,4461,7.25,1.89,20,4.35,2.7,20,5.98,2.57,50,7,1,3,7.29,2.02,17,3.7,2.71,10,5,2.67,10,5.62,2.42,26,6.38,2.72,24,6.43,2.23,7,7.69,1.6,13,3.71,2.5,7,4.69,2.84,13,5,3.05,21,6.69,1.91,29,7.56,1.74,9,7,2.05,11,5,2.79,10,3.7,2.58,10,6.62,2.52,24,5.38,2.52,26
"fate",143,8,4497,5.38,2.22,21,5.2,2.38,20,5.53,2.67,19,5.08,2.29,13,5.88,2.17,8,4.43,1.4,7,5.62,2.72,13,5.43,3.21,7,5.58,2.47,12,5.42,2.35,12,5.33,2.18,9,4.67,2.4,9,5.64,2.38,11,6.2,2.74,10,4.78,2.54,9,5.17,2.08,12,5.67,2.5,9,5.71,1.8,7,4.92,2.66,13,6.29,2.21,7,5.08,2.91,12
"faucet",273,3,4511,5.55,0.94,20,3.53,2.2,19,6.31,1.64,26,5.91,1.04,11,5.11,0.6,9,4.83,2.32,6,2.92,1.93,13,6.46,1.66,13,6.15,1.68,13,5.64,1.12,11,5.44,0.73,9,3.6,1.96,10,3.44,2.55,9,6.35,1.69,17,6.22,1.64,9,5.5,0.97,10,5.6,0.97,10,3.91,2.43,11,3,1.85,8,6.25,1.73,16,6.4,1.58,10
"feeling",285,0,4544,6.5,1.95,18,3.86,2.57,21,6.5,1.86,18,5.88,1.81,8,7,2,10,3.29,2.56,7,4.14,2.63,14,5.64,1.57,11,7.86,1.46,7,6.18,1.83,11,7,2.16,7,3.89,2.85,9,3.83,2.48,12,6.73,1.9,11,6.14,1.86,7,6.17,2.04,12,7.17,1.72,6,3.17,2.33,12,4.78,2.73,9,6.44,2.01,9,6.56,1.81,9
"field",134,2,4598,5.73,1.94,41,3.84,2.22,44,5.74,2.24,23,5.44,2.1,16,5.92,1.85,25,4.63,2.41,19,3.24,1.9,25,5.44,2.83,9,5.93,1.86,14,5.41,1.94,22,6.11,1.91,19,4.58,2.19,24,2.95,1.96,20,6.07,2.6,15,5.12,1.25,8,5.76,1.92,21,5.7,2,20,3.9,2.34,29,3.73,2.05,15,6.23,2.65,13,5.1,1.45,10
"finger",154,3,4638,5.8,1.51,40,4.15,2.44,48,5.32,2.3,22,6.15,1.52,13,5.63,1.5,27,5.26,2.47,19,3.41,2.16,29,5,2.45,11,5.64,2.2,11,6.06,1.39,17,5.61,1.59,23,4.96,2.12,24,3.33,2.51,24,5.23,2.68,13,5.44,1.74,9,6.14,1.39,22,5.39,1.58,18,4.3,2.52,33,3.8,2.31,15,5.57,2.34,14,4.88,2.3,8
"fish",175,13,4665,6.42,1.67,45,3.33,2.51,42,6.08,2.28,24,6.79,1.72,19,6.15,1.62,26,3.8,2.88,15,3.07,2.29,27,5.5,2.07,8,6.38,2.39,16,6.43,1.79,30,6.4,1.45,15,4.07,3.22,15,2.93,1.96,27,6.12,2.29,17,6.17,2.64,6,6.36,1.78,25,6.5,1.57,20,3.36,2.65,22,3.3,2.41,20,6.5,2,16,5.25,2.71,8
"flower",104,13,4769,7.3,1.87,20,3.67,2.59,49,6.43,1.78,21,7,1.87,9,7.55,1.92,11,4,2.58,19,3.47,2.61,30,6.56,1.88,9,6.33,1.78,12,6.43,1.99,7,7.67,1.72,12,3.92,2.45,24,3.44,2.74,25,6.64,1.57,11,6.2,2.04,10,7.31,1.89,13,7.29,1.98,7,3.82,2.52,33,3.38,2.78,16,6.82,1.72,11,6,1.83,10
"foot",24,14,4815,4.68,1.42,19,2.77,1.57,22,5.97,2.03,39,6,1,3,4.44,1.36,16,3.5,1.69,8,2.36,1.39,14,6.87,2,15,5.42,1.89,24,5,0.94,10,4.33,1.8,9,3.2,1.69,10,2.42,1.44,12,5.86,2.1,28,6.27,1.9,11,5,1.2,8,4.45,1.57,11,2.5,1.77,8,2.93,1.49,14,5.74,1.66,19,6.2,2.35,20
"football",73,2,4818,6.52,2.23,21,5.65,2.89,20,5.42,2.78,19,7.15,1.86,13,5.5,2.51,8,6.14,1.95,7,5.38,3.33,13,6.71,2.43,7,4.67,2.77,12,7,1.86,12,5.89,2.62,9,5.89,2.8,9,5.45,3.08,11,6.5,2.51,10,4.22,2.68,9,6.75,2.18,12,6.22,2.39,9,5.71,2.69,7,5.62,3.1,13,6.29,2.21,7,4.92,3.03,12
"freedom",21,8,4932,7.72,2.12,43,5.67,2.3,42,7.37,1.87,38,7.91,1.38,11,7.65,2.37,31,5.8,1.93,15,5.59,2.52,27,7.15,2.03,13,7.48,1.81,25,7.38,1.86,21,8.05,2.34,22,5.95,2.15,22,5.35,2.48,20,7.22,1.99,18,7.5,1.79,20,7.43,2.36,21,8,1.88,22,6.16,2.36,25,4.94,2.08,17,7.65,1.73,17,7.14,1.98,21
"friend",247,7,4958,6.79,2.49,19,4.29,2.69,21,6.31,1.79,42,6.33,1.15,3,6.88,2.68,16,4.14,3.02,7,4.54,2.63,13,6.5,2.03,14,6.3,1.66,27,7,2.45,10,6.56,2.65,9,5.14,2.73,7,4,2.71,13,6,1.94,18,6.54,1.67,24,6.75,2.25,8,6.82,2.75,11,4.73,2.9,11,3.8,2.49,10,6.21,1.8,29,6.54,1.81,13
"fun",287,9,5008,8.37,0.96,19,6.32,2.62,41,7.04,1.85,46,8.11,1.17,9,8.6,0.7,10,6.75,2.29,16,6.04,2.82,25,7,1.97,17,7.21,1.66,28,8.67,1,9,8.1,0.88,10,5.65,2.71,23,7.17,2.31,18,6.97,1.92,30,7.47,1.41,15,8.17,1.11,12,8.71,0.49,7,6.57,2.54,30,5.64,2.84,11,7.18,1.98,28,6.83,1.65,18
"game",42,2,5069,6.79,1.23,19,5.05,2.27,21,5.84,2.44,50,6.33,0.58,3,6.88,1.31,16,4.71,2.81,7,5.21,2.04,14,5.92,2.54,26,5.75,2.38,24,6.8,0.79,10,6.78,1.64,9,5.5,2.42,10,4.64,2.16,11,5.52,2.82,21,6.07,2.15,29,6.75,0.89,8,6.82,1.47,11,5.69,1.84,13,4,2.62,8,5.46,2.57,24,6.19,2.32,26
"garden",187,14,5083,7.25,1.48,20,3.71,2.8,42,6.13,2.34,45,7.45,1.44,11,7,1.58,9,4.94,2.67,16,2.96,2.66,26,5.38,2.27,21,6.79,2.25,24,7.55,1.69,11,6.89,1.17,9,4.88,2.87,16,3,2.56,26,5.95,2.09,19,6.27,2.54,26,7.4,1.58,10,7.1,1.45,10,3.83,2.82,23,3.58,2.85,19,6.9,2.21,21,5.46,2.28,24
"giant",88,13,5176,5.41,1.18,22,5.1,2.27,20,6.68,2.06,19,5.77,1.42,13,4.89,0.33,9,5.29,2.43,7,5,2.27,13,7.14,2.27,7,6.42,1.98,12,5.5,1.45,12,5.3,0.82,10,4.89,2.26,9,5.27,2.37,11,6.4,2.22,10,7,1.94,9,5.33,1.37,12,5.5,0.97,10,5,1.83,7,5.15,2.54,13,7.29,1.98,7,6.33,2.1,12
"girlfriend",5,7,5196,7.56,1.76,18,5.05,3.15,20,5,2.4,18,6.5,1.93,8,8.4,1.07,10,6.29,2.29,7,4.38,3.43,13,5,2.68,11,5,2.08,7,7,1.9,11,8.43,1.13,7,4.44,3.61,9,5.55,2.81,11,5.55,2.77,11,4.14,1.46,7,7.5,1.83,12,7.67,1.75,6,4.5,3.15,12,5.88,3.18,8,5.44,2.74,9,4.56,2.07,9
"goal",189,2,5250,6.79,1.62,19,4.67,2.5,21,6.57,1.7,23,7.2,1.48,5,6.77,1.69,13,4.67,2.94,6,4.67,2.41,15,6.6,1.84,10,6.54,1.66,13,7,1.83,7,6.82,1.54,11,5.29,2.69,7,4.36,2.44,14,6.18,1.6,11,6.92,1.78,12,6.58,1.68,12,7.14,1.57,7,4.91,2.47,11,4.4,2.63,10,6.43,1.7,14,6.78,1.79,9
"goodness",171,8,5282,7.38,1.83,21,5.2,2.93,20,7.37,2.01,19,6.92,2.1,13,8.12,0.99,8,6,3.06,7,4.77,2.89,13,7.14,2.12,7,7.5,2.02,12,7.33,2.23,12,7.44,1.24,9,5.44,3.17,9,5,2.86,11,6.6,2.41,10,8.22,0.97,9,7.75,1.48,12,6.89,2.2,9,7.29,1.5,7,4.08,2.93,13,7.29,2.36,7,7.42,1.88,12
"greatness",37,8,5382,7.76,1.22,21,4.43,2.09,21,6.76,1.92,25,7.92,1.16,12,7.56,1.33,9,5.29,2.56,7,4,1.75,14,6.2,2.04,10,7.13,1.81,15,8,1.15,4,7.71,1.26,17,5.1,2.02,10,3.82,2.04,11,6.29,2.56,7,6.94,1.66,18,7.67,1.5,12,7.89,0.78,9,4.31,1.65,13,4.62,2.77,8,6.67,2.06,9,6.81,1.91,16
"grief",178,0,5395,2.33,1.51,39,4.95,2.6,21,3.26,2.31,47,2.42,1.24,12,2.35,1.65,26,5.14,2.19,7,4.86,2.85,14,3,2.17,21,3.46,2.44,26,2.07,1.07,14,2.54,1.72,24,3.4,2.07,10,6.36,2.25,11,3.32,2.33,28,3.16,2.34,19,2.68,1.63,19,2,1.34,20,4.62,2.72,13,5.5,2.45,8,2.96,2.1,27,3.65,2.56,20
"group",15,1,5434,5.78,1.96,18,3.43,2.44,21,4.39,1.79,18,5.62,2.26,8,5.9,1.79,10,3.29,2.63,7,3.5,2.44,14,4.36,2.25,11,4.43,0.79,7,5.55,1.97,11,6.14,2.04,7,3.33,2.45,9,3.5,2.54,12,4.73,2,11,3.86,1.35,7,5.17,1.75,12,7,1.9,6,3,2.22,12,4,2.74,9,5.22,1.99,9,3.56,1.13,9
"guard",99,7,5457,5.89,2.17,18,3.6,2.58,20,4.06,2.65,18,5.62,2.62,8,6.1,1.85,10,4,2.83,7,3.38,2.53,13,3.55,2.34,11,4.86,3.08,7,5.55,2.21,11,6.43,2.15,7,3,2.87,9,4.09,2.34,11,4.36,2.84,11,3.57,2.44,7,5.75,2.14,12,6.17,2.4,6,2.5,2.15,12,5.25,2.38,8,4.11,2.76,9,4,2.69,9
"guilt",236,0,5473,2.29,1.35,21,4.48,2.98,23,4.35,2.62,17,2.78,1.72,9,1.92,0.9,12,4.73,3.26,11,4.25,2.83,12,4,3.04,9,4.75,2.19,8,2.71,1.6,7,2.08,1.26,13,5.45,3.24,11,3.58,2.54,12,3.71,3.04,7,4.8,2.35,10,2.23,1.36,13,2.38,1.41,8,4.36,2.77,11,4.58,3.29,12,3.88,2.42,8,4.78,2.86,9
"hair",230,3,5530,6.18,1.56,22,3.71,1.95,21,6.69,1.96,16,5.33,0.82,6,6.6,1.68,15,3.14,2.04,7,4,1.92,14,7,2,8,6.38,2,8,6.21,1.63,14,6.29,1.6,7,4.33,2,9,3.25,1.86,12,7.11,2.2,9,6.14,1.57,7,5.64,1.34,14,7.12,1.55,8,3.17,2.14,6,3.93,1.91,15,7.44,2.07,9,5.71,1.38,7
"hall",135,5,5547,5.89,1.68,18,2.57,1.78,21,4.22,1.9,18,5.12,0.99,8,6.5,1.9,10,2.71,1.89,7,2.5,1.79,14,3.82,1.54,11,4.86,2.34,7,5.82,1.47,11,6,2.08,7,2.22,1.86,9,2.83,1.75,12,4.73,1.74,11,3.43,1.99,7,5.5,1.24,12,6.67,2.25,6,2.58,1.98,12,2.56,1.59,9,4.22,2.39,9,4.22,1.39,9
"ham",210,12,5555,4.65,2.35,20,4.2,2.65,20,5.85,2.03,26,4.45,2.21,11,4.89,2.62,9,5,2.31,7,3.77,2.8,13,5.54,2.22,13,6.15,1.86,13,3.55,2.62,11,6,0.87,9,4.45,3.01,11,3.89,2.26,9,5.65,2.12,17,6.22,1.92,9,5.1,2.33,10,4.2,2.39,10,4.17,3.01,12,4.25,2.19,8,5.75,2.08,16,6,2.05,10
"happiness",196,8,5595,8.48,0.81,21,6.5,2.63,20,7.05,2.16,21,8,1.1,6,8.67,0.62,15,6.75,2.55,8,6.33,2.77,12,7.18,1.94,11,6.9,2.47,10,8.33,1.21,6,8.53,0.64,15,7.1,2.42,10,5.9,2.81,10,6.79,2.39,14,7.57,1.62,7,8.43,1.13,7,8.5,0.65,14,6.43,2.79,14,6.67,2.42,6,7.25,1.96,12,6.78,2.49,9
"harp",12,5,5622,5.4,2.11,20,3.26,1.81,23,6.29,2,21,5.11,1.45,9,5.64,2.58,11,3.45,2.11,11,3.08,1.56,12,4.62,1.06,8,7.31,1.75,13,4.93,1.59,14,6.5,2.88,6,3.44,2.24,9,3.14,1.56,14,6,1.93,8,6.46,2.11,13,5.3,1.7,10,5.5,2.55,10,3.62,1.89,13,2.8,1.69,10,6.67,1.72,12,5.78,2.33,9
"hate",34,9,5635,1.96,1.33,102,6.26,2.31,82,4.47,2.54,73,2.35,1.62,46,1.64,0.93,55,6,2.23,28,6.38,2.38,53,4.39,2.41,36,4.58,2.73,36,2.12,1.52,59,1.74,0.99,42,5.76,2.43,34,6.6,2.2,47,4.28,2.37,39,4.73,2.78,33,2.1,1.34,61,1.76,1.3,41,5.94,2.14,36,6.5,2.43,46,4.35,2.31,34,4.56,2.76,39
"health",219,6,5677,6.85,1.63,40,3.48,2.19,23,6,1.81,26,7.08,1.75,13,6.81,1.58,26,3.73,2.05,11,3.25,2.38,12,5.85,1.68,13,6.15,1.99,13,6.93,1.75,15,6.88,1.57,24,3.36,2.16,11,3.58,2.31,12,5.94,1.71,17,6.11,2.09,9,6.6,1.79,20,7.1,1.45,20,3.64,2.46,11,3.33,2.02,12,6.31,1.45,16,5.5,2.27,10
"hell",126,9,5728,2.55,2.2,38,6.26,2.55,39,3.47,2.72,49,2.71,2.89,14,2.46,1.74,24,6.08,2.53,13,6.35,2.61,26,3.24,2.79,25,3.7,2.75,23,2.9,2.21,21,2.12,2.18,17,6.8,1.88,20,5.68,3.06,19,3.32,2.63,25,3.62,2.87,24,3.05,2.27,19,2.05,2.07,19,6,2.97,26,6.77,1.36,13,3.5,2.7,26,3.43,2.81,23
"hierarchy",100,8,5783,4.95,1.67,20,4.11,2.37,18,3.84,2.17,19,4.2,1.79,5,5.2,1.61,15,3.67,1.86,6,4.33,2.64,12,4,2.14,8,3.73,2.28,11,5.1,1.52,10,4.8,1.87,10,4.5,2.59,10,3.62,2.13,8,3.11,1.9,9,4.5,2.27,10,4.33,1.61,12,5.88,1.36,8,2.78,1.72,9,5.44,2.24,9,3.3,1.89,10,4.44,2.4,9
"high",254,1,5785,5.77,1.77,22,4.1,2.63,20,5.76,2.14,17,5,2.19,6,6,1.6,15,3.29,2.63,7,4.54,2.63,13,5.89,1.96,9,5.62,2.45,8,5.43,1.95,14,6.29,1.38,7,3.25,2.87,8,4.67,2.42,12,6.56,2.13,9,4.88,1.89,8,6.07,1.77,14,5.25,1.75,8,5,3.41,6,3.71,2.27,14,5.89,2.8,9,5.62,1.19,8
"highway",151,10,5792,5.19,1.54,21,4.28,2.34,43,5.14,2.21,22,5.67,1.87,9,4.83,1.19,12,4.31,2.39,16,4.26,2.36,27,4.8,1.48,10,5.42,2.71,12,5.43,2.15,7,5.08,1.26,13,4.74,2.65,23,3.75,1.86,20,5.82,2.14,11,4.45,2.16,11,5.15,1.86,13,5.25,0.89,8,4.54,2.35,26,3.88,2.34,17,4.91,2.47,11,5.36,2.01,11
"home",301,1,5856,7.48,1.7,46,3.78,2.37,23,6.77,2.03,43,6.95,2.03,22,7.96,1.16,24,3.91,2.59,11,3.67,2.27,12,6.74,2.24,23,6.79,1.87,19,7,1.97,17,7.76,1.48,29,3.82,2.71,11,3.75,2.14,12,6.59,2.15,27,7.06,1.84,16,7.29,1.68,21,7.64,1.73,25,4,2.53,11,3.58,2.31,12,6.76,1.99,34,6.78,2.33,9
"honey",54,12,5883,7.27,1.66,41,4.38,2.65,40,6.39,2.12,977,6.62,2.22,13,7.57,1.26,28,4.73,2.74,15,4.16,2.62,25,6.4,2.09,430,6.4,2.14,542,7.06,1.56,17,7.42,1.74,24,4.36,2.66,22,4.39,2.7,18,6.42,2.17,535,6.37,2.05,438,7.39,1.44,23,7.11,1.94,18,4.31,2.62,29,4.55,2.84,11,6.43,2.19,531,6.35,2.03,446
"hospital",227,6,5935,3.52,1.99,42,5.07,2.94,44,3.93,2.44,41,3.36,2.5,14,3.61,1.73,28,5.05,2.97,21,5.09,2.98,23,4.38,2.46,21,3.45,2.39,20,3.94,2.1,18,3.21,1.89,24,4.05,2.66,22,6.09,2.91,22,4.12,2.09,17,3.79,2.7,24,3.5,1.88,26,3.56,2.22,16,5.62,2.84,24,4.4,3,20,4.12,2.66,16,3.8,2.35,25
"hotel",103,14,5946,6.6,1.31,20,4.55,2.73,42,5.59,2.02,22,6.6,1.52,5,6.6,1.3,15,4.31,2.06,16,4.69,3.11,26,5.89,2.42,9,5.38,1.76,13,6.7,1.42,10,6.5,1.27,10,4.47,2.78,19,4.61,2.76,23,5.57,2.47,14,5.62,0.92,8,6.58,1.62,12,6.62,0.74,8,4.28,2.87,25,4.94,2.56,17,5.83,2.37,12,5.3,1.57,10
"human",234,8,5982,6.45,1.74,22,3.62,1.94,21,5.71,2.47,17,6,1.26,6,6.6,1.96,15,3.43,2.57,7,3.71,1.64,14,5.89,2.76,9,5.5,2.27,8,6.5,1.95,14,6.29,1.5,7,3.89,1.9,9,3.42,2.02,12,6.11,2.76,9,5.25,2.19,8,6.64,1.5,14,6.12,2.17,8,3.17,2.14,6,3.8,1.9,15,5.44,2.79,9,6,2.2,8
"humor",80,9,6000,7.75,1.62,24,5.11,2.47,47,6.75,2,20,8.09,1.45,11,7.46,1.76,13,4.71,2.46,14,5.27,2.49,33,6.57,2.64,7,6.85,1.68,13,7.62,2,8,7.73,1.49,15,5.48,2.45,23,4.75,2.49,24,6.53,2.13,15,7.4,1.52,5,8.13,1.55,15,7.11,1.62,9,4.8,2.69,25,5.45,2.2,22,6.7,1.89,10,6.8,2.2,10
"hunger",144,6,6007,3.2,1.24,20,4.8,2.42,20,3.18,1.89,22,2.71,1.11,7,3.46,1.27,13,5.11,3.06,9,4.55,1.86,11,3,2.1,6,3.25,1.88,16,3.2,1.23,10,3.11,1.36,9,4.38,2.45,8,5.08,2.47,12,3.47,2.07,15,2.57,1.4,7,3.45,1.29,11,2.89,1.17,9,4.08,2.5,12,5.88,1.96,8,3.45,2.21,11,2.91,1.58,11
"hygiene",22,6,6037,6.38,1.43,21,4.63,2.24,19,7,2.32,20,6.5,1.22,6,6.33,1.54,15,4.88,2.03,8,4.45,2.46,11,6.9,2.33,10,7.1,2.42,10,7,0.89,6,6.13,1.55,15,5.89,2.15,9,3.5,1.72,10,6.23,2.55,13,8.43,0.53,7,6.43,1.27,7,6.36,1.55,14,4.15,1.99,13,5.67,2.58,6,6.55,2.84,11,7.56,1.42,9
"interest",235,1,6510,6.66,1.37,41,4.36,2.73,44,6.31,2,55,6.65,1.27,20,6.67,1.49,21,5.38,2.68,16,3.67,2.6,27,6.23,2.08,26,6.5,1.88,28,6.7,1.38,20,6.62,1.4,21,4.19,2.68,21,4.52,2.83,23,6.26,2.2,35,6.58,1.46,19,6.52,1.38,23,6.83,1.38,18,4.82,2.74,28,3.56,2.61,16,5.96,2.25,28,6.67,1.66,27
"irony",32,0,6611,5.19,1.99,21,4.09,2.37,23,5.28,2.44,18,5.78,2.11,9,4.75,1.86,12,4.36,2.16,11,3.83,2.62,12,5.9,2.47,10,4.5,2.33,8,5.14,2.19,7,5.23,2.05,13,5.18,2.36,11,3.08,1.98,12,4.86,3.18,7,5.55,1.97,11,4.54,2.11,13,6.25,1.28,8,3.73,2.45,11,4.42,2.35,12,4.22,2.33,9,6.33,2.18,9
"island",87,14,6627,7.18,2.06,22,4.25,2.95,20,5.58,2.73,19,6.69,2.32,13,7.89,1.45,9,5.29,2.75,7,3.69,3.01,13,6.29,2.56,7,5.17,2.86,12,6.5,2.43,12,8,1.15,10,5.11,3.26,9,3.55,2.62,11,5.3,2.87,10,5.89,2.71,9,7,2.41,12,7.4,1.65,10,7.43,1.4,7,2.54,1.94,13,6,3,7,5.33,2.67,12
"jealousy",260,0,6674,2.58,1.37,106,5.45,2.47,84,3.89,2.45,98,2.81,1.62,47,2.4,1.11,58,5.46,2.56,28,5.51,2.42,55,4.17,2.47,47,3.66,2.44,50,2.54,1.43,68,2.65,1.27,37,5.3,2.64,37,5.65,2.3,46,3.96,2.28,53,3.8,2.66,45,2.73,1.42,62,2.39,1.28,44,5.2,2.65,45,5.74,2.23,39,4.02,2.56,48,3.76,2.36,50
"joke",215,9,6710,7.88,1.44,869,5.73,2.37,22,5.79,1.86,47,7.77,1.48,334,7.95,1.4,529,6.17,2.33,12,5.2,2.44,10,5.47,2.2,15,5.94,1.7,32,7.85,1.48,416,7.91,1.4,446,5.89,2.37,9,5.62,2.47,13,5.68,1.8,25,5.91,1.97,22,7.79,1.58,478,7.98,1.24,391,5.33,1.87,9,6,2.71,13,6.17,1.78,30,5.12,1.87,17
"journalist",241,7,6718,5.3,1.42,20,3.86,2.36,22,6.15,2.09,27,5.57,2.15,7,5.15,0.9,13,3.7,2.31,10,4,2.49,12,5.8,1.9,15,6.45,2.38,11,4.91,1.22,11,5.78,1.56,9,5,2.06,9,3.08,2.29,13,6.41,2.32,17,5.44,1.51,9,5.31,1.6,13,5.29,1.11,7,3.75,2.46,16,4.17,2.23,6,6.33,2.19,12,6,2.07,15
"jungle",40,14,6750,5.7,2.18,20,4.06,2.58,18,4.5,2.38,24,6.2,2.28,5,5.53,2.2,15,5.8,1.79,5,3.38,2.57,13,4.62,2.5,13,4.36,2.34,11,5.5,2.17,10,5.9,2.28,10,5.43,2.15,7,3.18,2.52,11,4.5,2.39,16,4.5,2.51,8,5.43,2.44,14,6.33,1.37,6,3.83,2.66,12,4.5,2.59,6,4.8,2.54,15,4,2.12,9
"ketchup",86,12,6789,6.03,2.18,40,3.85,2.78,20,5.48,1.89,44,6.88,1.36,17,5.59,2.32,22,3.33,1.63,6,4.07,3.17,14,5.59,1.94,22,5.36,1.87,22,5.93,2.46,14,6.08,2.06,26,3.67,3.5,6,3.93,2.56,14,5.24,1.98,29,5.93,1.67,15,5.84,2.61,19,6.19,1.75,21,4.25,3.49,8,3.58,2.31,12,5.32,1.8,25,5.68,2.03,19
"kill",111,9,6811,1.81,1.6,21,6.81,2.54,21,3.61,2.3,18,2.17,1.83,6,1.64,1.6,14,7.29,2.87,7,6.57,2.44,14,4,2.35,9,3.38,2.45,8,2.15,1.95,13,1.14,0.38,7,5.33,3.08,9,7.92,1.31,12,4,2.67,10,3.12,1.81,8,1.62,1.12,13,2.12,2.23,8,6.33,3.5,6,7,2.17,15,4.1,2.64,10,3,1.77,8
"kiss",223,9,6835,7.78,1.64,41,6.05,3.03,22,6.52,2.43,42,7.93,1.27,14,7.7,1.81,27,5.2,3.16,10,6.75,2.86,12,7.04,1.92,24,5.83,2.9,18,8.28,1.02,18,7.39,1.92,23,5.64,3.41,11,6.45,2.7,11,6.88,2.2,25,6,2.72,17,7.5,2.09,20,8.05,1.02,21,7.5,1.65,10,4.83,3.43,12,6.55,2.61,22,6.5,2.28,20
"kitchen",125,3,6839,6.17,1.98,18,3.52,2.62,21,5.89,2,18,5.12,2.03,8,7,1.56,10,3.14,2.85,7,3.71,2.58,14,5.73,1.74,11,6.14,2.48,7,5.55,2.07,11,7.14,1.46,7,2.67,2.65,9,4.17,2.52,12,6.36,1.86,11,5.14,2.12,7,5.67,2.02,12,7.17,1.6,6,2.92,2.5,12,4.33,2.69,9,6.11,1.9,9,5.67,2.18,9
"knowledge",129,8,6861,7.28,1.67,39,4.86,2.65,42,7.2,1.84,45,7,2.12,13,7.42,1.42,26,5.65,2.5,20,4.14,2.62,22,6.81,1.64,16,7.41,1.94,29,6.91,2,22,7.76,0.97,17,5.06,2.88,18,4.71,2.51,24,6.68,2.1,22,7.7,1.43,23,7.46,1.7,26,6.92,1.61,13,4.73,2.81,26,5.06,2.43,16,6.58,1.96,26,8.05,1.27,19
"lake",117,14,6900,7.13,1.34,39,2.64,2.08,44,5.36,2.33,25,7.05,1.29,22,7.24,1.44,17,2.95,2.22,21,2.35,1.94,23,5.2,2.62,10,5.47,2.2,15,7.17,1.4,23,7.06,1.29,16,2.8,2.17,20,2.5,2.04,24,4.43,2.94,7,5.72,2.02,18,7.32,1.2,19,6.95,1.47,20,2.7,2.15,30,2.5,1.99,14,4.33,2.29,9,5.94,2.21,16
"lamp",261,3,6904,5.74,1.12,39,2.71,1.8,42,6.04,2.21,54,5.42,0.79,12,5.77,1.07,26,2.44,1.97,16,2.96,1.7,25,5.69,2.4,32,6.57,1.89,21,5.73,0.96,15,5.61,1.03,23,3,1.95,21,2.5,1.64,20,5.9,2.45,31,6.23,1.93,22,5.63,0.96,19,5.85,1.27,20,2.57,1.78,23,2.89,1.85,19,6.12,2.29,26,5.96,2.19,28
"law",156,11,6961,4.55,1.95,22,3.55,2.39,20,4.83,2.18,18,4.33,1.75,6,4.6,2.13,15,3.43,2.88,7,3.62,2.22,13,5.44,2.13,9,4.12,2.3,8,4.71,1.86,14,4.14,2.34,7,3.56,2.46,9,3.55,2.46,11,5.2,1.93,10,4.38,2.5,8,4,2.11,14,5.5,1.2,8,5,2.76,6,2.93,2.02,14,4.5,2.37,10,5.25,1.98,8
"lawyer",82,7,6969,3.94,2.21,18,3.95,2.67,20,3.56,2.38,18,3.25,1.83,8,4.5,2.42,10,4.14,2.67,7,3.85,2.76,13,3,1.55,11,4.43,3.26,7,3.27,1.68,11,5,2.65,7,3.22,3.15,9,4.55,2.16,11,3.82,2.71,11,3.14,1.86,7,3.67,2.06,12,4.5,2.59,6,3.17,2.37,12,5.12,2.8,8,4.11,2.47,9,3,2.29,9
"lemonade",116,12,7024,7.05,1.62,22,4.63,2.54,19,6,1.82,21,6.4,1.95,5,7.38,1.45,16,5.25,3.11,8,4.18,2.09,11,4.9,1.52,10,7,1.48,11,6.92,1.83,12,7.2,1.4,10,4.4,2.22,10,4.89,2.98,9,6.08,2.19,12,5.89,1.27,9,7,1.41,11,7.09,1.87,11,4.12,2.3,8,5,2.76,11,5.11,1.69,9,6.67,1.67,12
"life",226,8,7073,6.68,2.49,41,5.59,2.58,22,5.89,2.42,44,6.56,2.55,18,6.78,2.5,23,6,2.56,12,5.1,2.64,10,6.32,2.03,22,5.45,2.74,22,6.6,2.31,30,6.91,3.05,11,5.78,2.91,9,5.46,2.44,13,5.9,2.34,29,5.87,2.67,15,6.5,2.69,22,6.89,2.31,19,5.44,2.46,9,5.69,2.75,13,6,2.6,25,5.74,2.23,19
"line",298,1,7117,4.82,1.1,22,3.24,2,21,4.89,2,18,4.5,1.76,6,4.93,0.8,15,2.71,2.43,7,3.5,1.79,14,4.33,2.45,9,5.5,1.41,8,4.86,1.29,14,4.71,0.76,7,3.44,2.35,9,3.08,1.78,12,4.8,2.62,10,5,0.93,8,4.57,1.22,14,5.25,0.71,8,3.5,2.51,6,3.13,1.85,15,4.9,2.6,10,4.88,0.99,8
"loan",302,1,7173,4.19,2.56,21,3.3,2.03,20,3.77,2.07,22,4,2.53,6,4.27,2.66,15,2.88,2.1,8,3.58,2.02,12,3.75,2.34,12,3.8,1.81,10,5.22,3.19,9,3.42,1.73,12,3.33,1.73,9,3.27,2.33,11,4,1.41,7,3.67,2.35,15,5,2.62,10,3.45,2.38,11,3.08,1.93,13,3.71,2.29,7,3.75,2.49,12,3.8,1.55,10
"loner",299,0,7209,3.5,1.67,20,3.94,2.41,18,5.45,2.32,22,3.4,1.14,5,3.53,1.85,15,3.33,1.86,6,4.25,2.67,12,5.6,1.51,10,5.33,2.9,12,3.7,1.06,10,3.3,2.16,10,3.6,2.22,10,4.38,2.72,8,4.27,2.1,11,6.64,1.96,11,3.17,1.4,12,4,2,8,3,2.78,9,4.89,1.62,9,5.45,2.34,11,5.45,2.42,11
"love",204,9,7246,8,1.39,37,5.36,3.23,47,5.92,2.92,50,7.71,1.63,24,8.54,0.52,13,4.29,3.27,14,5.82,3.15,33,5.81,3.12,26,6.04,2.74,24,8,1.46,16,8,1.38,21,5.43,3.44,23,5.29,3.09,24,5.81,3.2,21,6,2.75,29,7.91,1.44,22,8.13,1.36,15,6,3.21,25,4.64,3.16,22,5.96,3.3,24,5.88,2.58,26
"luck",279,9,7265,6.73,1.93,22,4.57,2.87,21,6.06,2.58,18,5.83,2.79,6,7.07,1.53,15,4.57,3.05,7,4.57,2.9,14,6.22,2.54,9,5.88,2.95,8,6.57,2.28,14,7,1.29,7,4,3.16,9,5,2.7,12,7.5,1.9,10,4.25,2.19,8,6.64,2.13,14,6.88,1.64,8,4.5,2.81,6,4.6,3,15,7.1,2.02,10,4.75,2.71,8
"man",289,7,7389,5.42,1.22,19,4.36,2.49,47,5.44,2.24,54,5.33,0.58,3,5.44,1.31,16,4,2.21,21,4.65,2.7,26,6,1.9,17,5.19,2.36,37,4.9,0.74,10,6,1.41,9,3.75,2.22,28,5.26,2.64,19,5.48,2.18,29,5.4,2.35,25,5.75,1.39,8,5.18,1.08,11,4.68,2.7,31,3.75,1.95,16,5.67,2.57,33,5.1,1.58,21
"meeting",205,11,7592,4.55,1.26,22,3.71,2.08,21,5.47,2.35,17,4.83,0.98,6,4.4,1.4,15,2.57,1.81,7,4.29,2.02,14,5.67,2.18,9,5.25,2.66,8,4.57,1.22,14,4.43,1.51,7,3.22,2.22,9,4.08,1.98,12,6.22,2.77,9,4.62,1.51,8,4.57,1.45,14,4.5,0.93,8,3.67,2.66,6,3.73,1.91,15,6.33,2.6,9,4.5,1.69,8
"minister",258,11,7740,5,1.84,21,3.85,2.94,20,5.65,1.93,20,4,1.26,6,5.4,1.92,15,4.75,2.66,8,3.25,3.08,12,5.27,2.15,11,6.11,1.62,9,5.17,0.98,6,4.93,2.12,15,4.7,3.13,10,3,2.62,10,5.38,2.14,13,6.14,1.46,7,4.43,1.27,7,5.29,2.05,14,3.86,2.98,14,3.83,3.13,6,5.67,2.19,12,5.62,1.6,8
"money",259,1,7854,7.1,2.27,20,6.86,2.49,22,6.32,3.05,25,8,1.41,5,6.8,2.46,15,6.3,2.63,10,7.33,2.39,12,4.88,3.18,8,7,2.83,17,7.5,1.9,10,6.7,2.63,10,6.27,2.97,11,7.45,1.86,11,6.14,3.01,14,6.55,3.24,11,6.33,2.53,12,8.25,1.16,8,7.8,1.4,10,6.08,2.97,12,6.94,2.86,18,4.71,3.15,7
"monkey",72,13,7860,5.82,2.13,22,5.15,2.5,20,5.74,2.7,19,5.77,2.55,13,5.89,1.45,9,5.14,1.68,7,5.15,2.91,13,6.29,2.36,7,5.42,2.94,12,5.92,2.23,12,5.7,2.11,10,5.33,2.55,9,5,2.57,11,6.6,2.37,10,4.78,2.86,9,5.75,1.96,12,5.9,2.42,10,5.43,2.23,7,5,2.71,13,6.86,2.67,7,5.08,2.61,12
"month",276,1,7876,5.78,1.59,18,3.64,2.16,44,5.05,2.42,20,5.5,0.76,8,6,2.05,10,3.4,2.26,15,3.76,2.13,29,5.3,2.36,10,4.8,2.57,10,5.17,0.41,6,6.08,1.88,12,4.35,2.35,20,3.04,1.83,24,3.88,1.89,8,5.83,2.48,12,6,2.05,10,5.5,0.76,8,3.63,2.15,27,3.65,2.23,17,3.78,2.28,9,6.09,2.07,11
"motive",98,11,7934,5.32,1.55,22,4.86,2.57,22,6.2,2.42,20,5.62,1.51,8,5.14,1.61,14,5.4,2.67,10,4.42,2.5,12,6.86,2.34,7,5.85,2.48,13,5.27,1.79,11,5.36,1.36,11,4.09,2.17,11,5.64,2.8,11,5.67,2.44,15,7.8,1.64,5,4.2,1.03,10,6.25,1.29,12,4.5,2.22,10,5.17,2.89,12,5.3,2.21,10,7.1,2.38,10
"mountain",199,14,7947,6.65,1.77,43,4.12,2.5,43,6.18,2.58,22,7.24,1.35,17,6.27,1.93,26,3.75,2.3,12,4.27,2.64,30,6.27,2.72,11,6.09,2.55,11,6.05,1.47,20,7.17,1.87,23,4.42,2.54,12,4,2.52,31,5.38,2.84,13,7.33,1.66,9,6.23,1.9,26,7.29,1.36,17,4.85,2.72,20,3.48,2.15,23,6.43,2.79,14,5.75,2.25,8
"movie",155,9,7965,7.24,1.51,41,4.39,2.63,49,5.68,2.16,44,7.25,1.45,20,7.24,1.61,21,5,2.67,19,4,2.57,30,5.45,1.96,20,5.88,2.35,24,7.25,1.62,20,7.24,1.45,21,5.25,2.57,24,3.56,2.45,25,5.48,2.04,23,5.9,2.32,21,7.22,1.54,23,7.28,1.53,18,4.67,2.84,33,3.81,2.1,16,5.57,2.09,23,5.81,2.29,21
"mystery",65,9,8044,5.29,2.03,21,5.04,2.6,23,4.33,2.45,18,4.89,1.96,9,5.58,2.11,12,4.09,2.51,11,5.92,2.47,12,4.4,2.63,10,4.25,2.38,8,4.71,2.29,7,5.54,1.98,13,4.82,2.64,11,5.25,2.67,12,4.57,2.88,7,4.18,2.27,11,4.85,2.19,13,6,1.6,8,6.64,1.43,11,3.58,2.61,12,4.11,2.03,9,4.56,2.92,9
"need",137,1,8112,5.45,1.82,22,3.67,2.15,21,5.06,2.16,17,5.17,2.48,6,5.67,1.59,15,2.71,1.7,7,4.14,2.25,14,5.11,2.42,9,5,2,8,5.71,2.02,14,5.14,1.46,7,3.22,1.86,9,4,2.37,12,6,2.29,9,4,1.51,8,5.64,1.82,14,5.12,1.89,8,3.83,2.71,6,3.6,1.99,15,6.11,2.15,9,3.88,1.55,8
"noise",213,0,8226,3.36,2.28,22,5.75,2.59,20,5.47,2.76,19,4,2.58,13,2.44,1.42,9,6.43,1.81,7,5.38,2.93,13,5.57,2.51,7,5.42,3,12,3.92,2.71,12,2.7,1.49,10,5.89,2.47,9,5.64,2.8,11,5.8,2.2,10,5.11,3.37,9,3.42,2.47,12,3.3,2.16,10,6.29,1.89,7,5.46,2.93,13,5.43,3.1,7,5.5,2.68,12
"nose",96,3,8252,5.5,1.47,18,3.1,2.05,20,4.61,2.3,18,4.75,1.04,8,6.1,1.52,10,3.29,2.14,7,3,2.08,13,4.55,2.38,11,4.71,2.36,7,5.27,1.42,11,5.86,1.57,7,2.67,2.35,9,3.45,1.81,11,5.45,2.3,11,3.29,1.7,7,5.25,1.14,12,6,2,6,2.92,2.27,12,3.38,1.77,8,4.56,2.74,9,4.67,1.94,9
"number",292,1,8292,5.59,1.74,22,3.5,2.01,20,6.13,2,15,5.5,2.26,6,5.67,1.63,15,2.29,1.6,7,4.15,1.95,13,6.43,2.15,7,5.88,1.96,8,5.86,2.14,14,5.14,0.38,7,3.78,2.28,9,3.27,1.85,11,7,2.24,7,5.38,1.51,8,5.79,2.01,14,5.25,1.16,8,3.33,1.86,6,3.57,2.14,14,6.43,2.44,7,5.88,1.64,8
"office",141,11,8392,4.54,1.75,41,3.05,2.01,22,5.16,2.15,44,4.92,1.55,13,4.36,1.83,28,3.33,2.35,12,2.7,1.57,10,5.17,2.41,18,5.15,1.99,26,4.05,2.13,21,5.05,1.05,20,3.67,2.24,9,2.62,1.8,13,5.12,2.09,25,5.21,2.27,19,4.65,1.67,23,4.39,1.88,18,3.11,2.42,9,3,1.78,13,5.32,2.1,25,4.95,2.25,19
"optimism",293,0,8458,7.21,2.09,39,4.95,2.56,21,6.9,2.08,48,7.29,1.57,17,7.1,2.51,21,5.57,2.23,7,4.85,2.73,13,6.28,2.35,18,7.27,1.84,30,6.86,1.75,14,7.4,2.27,25,5.43,2.15,7,4.92,2.78,13,6.54,2.32,26,7.32,1.7,22,6.5,2.75,18,7.81,1.03,21,4.91,2.3,11,5,2.94,10,7.07,2.21,30,6.61,1.85,18
"package",190,1,8623,5.17,1.92,18,4.73,2.83,22,5.17,1.99,23,5.7,1.64,10,5,1.73,7,3.88,2.03,8,5.21,3.17,14,4.86,2.91,7,5.31,1.54,16,4.88,2.42,8,5.4,1.51,10,4.56,2.96,9,4.85,2.85,13,5.18,2.09,11,5.17,1.99,12,4.67,2.06,12,6.17,1.17,6,4.09,2.95,11,5.36,2.69,11,4.77,2.13,13,5.7,1.77,10
"pain",197,6,8642,2,1.28,40,6.27,2.59,22,3.47,2.09,38,2.31,1.38,13,1.85,1.23,27,5.5,2.84,10,6.92,2.27,12,3.21,1.78,19,3.5,2.2,18,1.65,1.04,20,2.35,1.42,20,5.18,3.06,11,7.36,1.43,11,4.41,2,17,2.71,1.87,21,1.91,1.28,23,2.12,1.32,17,7,2.36,10,5.67,2.71,12,3,1.97,21,4.06,2.14,17
"paper",286,3,8690,5.42,1.62,40,3.52,2.58,48,5.64,2.3,61,5.13,1.64,15,5.6,1.61,25,4.26,2.47,19,3.03,2.57,29,6,2.63,31,5.27,1.87,30,5.74,1.85,19,5.14,1.35,21,4.42,2.54,24,2.62,2.34,24,5.92,2.56,36,5.24,1.85,25,5.38,1.71,24,5.5,1.51,16,3.61,2.62,33,3.33,2.55,15,6.23,2.32,31,5.03,2.16,30
"paradox",47,0,8701,5.4,1.23,20,5,2.16,22,4.26,1.91,19,5.78,1.64,9,5.09,0.7,11,5.6,2.97,5,4.81,2.01,16,2.17,0.98,6,5.23,1.36,13,5.64,1.15,14,4.83,1.33,6,4.42,2.54,12,5.78,1.48,9,4.89,0.6,9,3.7,2.5,10,5.5,1.43,10,5.3,1.06,10,4.33,2.64,12,5.8,1.03,10,3.5,2.07,6,4.62,1.8,13
"part",248,1,8742,4.77,1.29,39,3.36,2.17,22,5.21,1.87,19,5.14,1.08,22,4.29,1.4,17,3.71,2.69,7,3.21,2.04,14,5.6,2.07,10,4.78,1.64,9,4.96,1.36,23,4.5,1.15,16,4,2.58,10,2.82,1.78,11,5.12,1.96,8,5.1,1.91,10,4.53,1.26,19,5,1.3,20,3.47,2.22,19,2.67,2.08,3,5,1.77,8,5.36,2.01,11
"party",263,11,8755,7.18,1.97,82,6.08,2.8,106,5.92,2.19,75,7.19,2.04,36,7.29,1.79,45,5.9,2.74,42,6.19,2.86,64,6.16,1.99,37,5.73,2.39,37,7.11,2.1,44,7.42,1.65,36,6.11,2.85,47,6.05,2.79,59,6,2.26,39,5.83,2.14,36,7,2.14,51,7.48,1.65,31,6.04,2.94,55,6.12,2.67,51,6.09,2.43,35,5.78,1.98,40
"patient",38,6,8787,6.71,1.55,42,2.77,1.74,22,4.83,2.04,18,6.88,1.32,17,6.6,1.71,25,3.25,2.05,12,2.2,1.14,10,5.1,2.23,10,4.5,1.85,8,6.69,1.63,29,6.77,1.42,13,3.44,2.24,9,2.31,1.18,13,4.29,1.6,7,4.9,2.18,10,6.78,1.78,23,6.63,1.26,19,2.89,1.76,9,2.69,1.8,13,4.62,2,8,5,2.16,10
"pencil",266,3,8866,5.65,1.37,23,3.11,2.13,19,6.03,2.34,40,5.38,1.77,8,5.8,1.15,15,2.4,2.01,10,3.89,2.09,9,5.95,2.33,20,6.1,2.4,20,5.75,1.54,12,5.55,1.21,11,2.29,1.8,7,3.58,2.23,12,6.18,2.3,17,5.91,2.41,23,5.09,1.04,11,6.17,1.47,12,3.33,2.18,9,2.9,2.18,10,6.19,2.54,16,5.92,2.24,24
"perjury",270,11,8919,2.95,1.65,22,4.68,1.67,19,4.35,2.52,20,4,2.12,5,2.62,1.45,16,5,1.51,8,4.45,1.81,11,4.67,2.06,9,4.09,2.91,11,3.17,1.75,12,2.7,1.57,10,4.9,0.99,10,4.44,2.24,9,4.92,2.64,12,3.5,2.2,8,2.64,1.91,11,3.27,1.35,11,3.88,1.96,8,5.27,1.19,11,4.22,2.17,9,4.45,2.88,11
"pie",39,12,9030,6.45,1.99,40,4.05,2.49,41,6.29,1.87,62,6.75,1.77,16,6.25,2.13,24,4.6,2.67,15,3.73,2.38,26,6.09,1.72,22,6.36,1.97,39,6.35,2.39,20,6.55,1.54,20,4.93,2.56,14,3.59,2.37,27,6.03,1.92,37,6.62,1.76,24,6.69,1.91,26,6,2.11,14,4.36,2.59,22,3.68,2.38,19,6.38,1.98,39,6.13,1.69,23
"pilot",51,7,9053,6,1.61,21,5.6,2.33,20,6.16,2.65,19,5.77,1.59,13,6.38,1.69,8,6.57,1.51,7,5.08,2.56,13,6.71,2.14,7,5.83,2.95,12,5.92,1.78,12,6.11,1.45,9,5.22,2.17,9,5.91,2.51,11,6.7,2.26,10,5.56,3.05,9,6.42,1.83,12,5.44,1.13,9,6,1.91,7,5.38,2.57,13,7.43,2.15,7,5.42,2.71,12
"pineapple",186,12,9060,6.9,1.97,21,4.41,2.36,22,5.65,1.87,20,7.22,1.39,9,6.67,2.35,12,3.33,1.86,6,4.73,2.52,15,5.67,2.42,6,5.64,1.69,14,6.33,2.74,9,7.33,1.07,12,5.2,1.3,5,4.18,2.58,17,5.78,1.56,9,5.55,2.16,11,7.08,2.43,12,6.67,1.22,9,4.78,2.64,9,4.15,2.23,13,5.91,1.7,11,5.33,2.12,9
"place",46,1,9100,5.86,1.36,22,3.52,2.32,21,6.53,1.91,17,5.67,1.63,6,5.93,1.33,15,2.14,1.68,7,4.21,2.33,14,7,2.24,9,6,1.41,8,6,1.57,14,5.57,0.98,7,3.78,2.64,9,3.33,2.15,12,6.67,2.29,9,6.38,1.51,8,5.71,1.44,14,6.12,1.25,8,3.17,2.14,6,3.67,2.44,15,6.56,2.07,9,6.5,1.85,8
"plant",25,13,9118,7.05,1.32,20,3.94,2.41,18,6.45,1.96,20,6.6,0.89,5,7.2,1.42,15,4.67,2.58,6,3.58,2.35,12,6.6,1.43,10,6.3,2.45,10,7.2,1.23,10,6.9,1.45,10,4.6,2.55,10,3.12,2.1,8,6.5,2.51,8,6.42,1.62,12,6.92,1.38,12,7.25,1.28,8,4.22,2.86,9,3.67,2,9,5.89,2.37,9,6.91,1.51,11
"play",148,2,9134,7.55,1.34,22,3.81,2.56,21,6.29,1.96,17,7.67,1.03,6,7.53,1.51,15,3.29,2.63,7,4.07,2.59,14,5.89,2.32,9,6.75,1.49,8,7.5,1.09,14,7.71,1.89,7,4.11,2.85,9,3.58,2.43,12,6.33,2.5,9,6.25,1.28,8,7.36,1.55,14,7.88,0.83,8,4,3.03,6,3.73,2.46,15,6.56,2.55,9,6,1.07,8
"plea",169,11,9151,4.35,1.6,20,4.64,2.61,22,4.93,2.48,27,5,2.31,7,4,1,13,5.2,2.1,10,4.17,2.98,12,4.8,2.51,15,5.27,2.57,11,4.55,1.13,11,4.11,2.09,9,4.89,2.2,9,4.46,2.93,13,5.53,2.48,17,4,2.35,9,4.77,1.69,13,3.57,1.13,7,4.38,2.63,16,5.33,2.66,6,4.83,2.66,12,5,2.42,15
"plot",168,9,9162,4.9,1.73,21,4.52,1.83,23,5.29,2.26,21,4.8,1.79,5,4.94,1.77,16,4.75,1.54,12,4.27,2.15,11,4.45,1.86,11,5.89,2.32,9,4.25,1.71,12,5.78,1.39,9,4.25,1.18,16,5.14,2.85,7,4.64,1.69,11,6,2.67,10,4.92,1.98,13,4.88,1.36,8,4.53,1.98,19,4.5,1,4,5.07,2.16,14,5.71,2.56,7
"poverty",185,6,9322,2,1.11,19,5.3,2.53,44,3.16,2.21,44,2,1,3,2.07,1.16,15,4.8,2.53,20,5.71,2.51,24,3.35,2.08,20,3,2.34,24,2.33,1.51,6,1.92,0.9,12,5.92,2.06,25,4.47,2.89,19,3.3,2.2,23,3,2.26,21,1.75,1.29,12,2.43,0.53,7,5.14,2.59,29,5.6,2.47,15,3.17,2.01,23,3.14,2.46,21
"problem",85,6,9483,3.52,1.94,21,4.81,2.42,21,4.94,2.3,17,3.67,2.07,6,3.43,2.03,14,3.14,2.48,7,5.64,1.98,14,5.78,2.22,9,4,2.14,8,3.77,2.24,13,3,1.41,7,4.67,2.18,9,4.92,2.68,12,5.89,2.09,9,3.88,2.17,8,3.31,1.75,13,3.88,2.3,8,3.83,1.94,6,5.2,2.54,15,6,1.87,9,3.75,2.25,8
"pumpkin",145,12,9679,7,1.38,21,3.43,1.96,21,5.35,2.08,20,6.33,1.32,9,7.5,1.24,12,2.83,1.72,6,3.64,2.13,14,4.83,2.56,6,5.57,1.91,14,6.56,1.24,9,7.33,1.44,12,5,1.22,5,2.94,1.91,16,4.78,2.39,9,5.82,1.78,11,7.25,1.14,12,6.67,1.66,9,3.5,1.93,8,3.38,2.06,13,4.82,2.27,11,6,1.73,9
"question",246,11,9760,6.36,1.62,22,3.67,2.24,21,5.88,2.31,16,6.33,1.86,6,6.27,1.58,15,2.14,1.46,7,4.43,2.21,14,5.12,2.03,8,6.62,2.45,8,6.29,1.77,14,6.29,1.38,7,3.11,1.96,9,4.08,2.43,12,5.89,2.42,9,5.86,2.34,7,6.36,1.65,14,6.38,1.69,8,3.33,2.73,6,3.8,2.11,15,6.56,2.55,9,5,1.73,7
"radio",77,1,9808,6,2.21,19,3.84,2.57,43,6.27,2.17,44,7.33,2.08,3,6.07,1.87,15,2.95,2.22,19,4.57,2.71,23,5.85,2.23,20,6.62,2.1,24,6.17,1.94,6,6.33,1.97,12,3.94,2.96,18,3.76,2.31,25,6.11,2,19,6.4,2.33,25,6,2.49,12,6,1.83,7,4.05,2.93,20,3.65,2.27,23,7.1,2.07,21,5.52,2.02,23
"rake",33,3,9840,4.75,1.59,20,4.22,1.91,23,5.24,2,21,5.2,1.79,5,4.6,1.55,15,4.92,1.62,12,3.45,1.97,11,5.09,2.26,11,5.67,1.66,9,4.36,1.86,11,5.22,1.09,9,4.31,1.85,16,4,2.16,7,5.09,1.51,11,5.4,2.5,10,5.08,1.83,12,4.25,1.04,8,4.11,1.91,19,4.75,2.06,4,5.5,1.99,14,4.71,2.06,7
"refusal",81,11,10055,2.95,1.91,21,3,2.49,19,4.91,3.13,22,2.83,1.6,6,3,2.07,15,3.29,3.15,7,2.83,2.17,12,5.17,3.38,12,4.6,2.95,10,3.33,2.5,9,2.67,1.37,12,3.67,2.96,9,2.4,1.96,10,4.57,2.99,7,5.07,3.28,15,3.3,2.45,10,2.64,1.29,11,3.54,2.7,13,1.83,1.6,6,5.25,3.74,12,4.5,2.32,10
"relaxation",191,0,10114,8,1.54,17,3.15,2.32,20,7.12,1.45,25,8.4,0.55,5,7.83,1.8,12,2.45,2.34,11,4,2.12,9,7.25,1.44,16,6.89,1.54,9,8.29,1.5,7,7.8,1.62,10,3.78,2.77,9,2.64,1.86,11,7.2,1.47,20,6.8,1.48,5,7.88,1.81,8,8.11,1.36,9,3.36,2.66,11,2.89,1.96,9,6.95,1.54,19,7.67,1.03,6
"religion",83,8,10126,5.42,3.08,19,5,2.68,23,4.42,2.43,19,5.11,3.06,9,5.7,3.23,10,5.29,2.5,7,4.87,2.92,15,3.6,2.32,10,5.33,2.35,9,5,3.71,9,5.8,2.53,10,6.4,2.72,10,3.83,2.25,12,3.25,1.28,8,5.7,2.5,10,6,2.89,12,4.43,3.36,7,4.6,2.6,20,7.67,1.53,3,3.38,1.85,8,5.18,2.6,11
"rent",220,1,10173,4.41,1.97,22,4.25,2.75,20,5.68,2.71,19,5.15,1.77,13,3.33,1.8,9,4.43,2.44,7,4.15,3,13,6.43,2.44,7,5.25,2.86,12,4.58,2.23,12,4.2,1.69,10,4.11,2.76,9,4.36,2.87,11,6.1,2.56,10,5.22,2.95,9,4.5,2.15,12,4.3,1.83,10,5,3.06,7,3.85,2.61,13,5.43,2.57,7,5.83,2.89,12
"right",212,1,10400,7.32,1.49,22,5,2.6,20,7.16,1.86,19,7.15,1.57,13,7.56,1.42,9,5.71,2.29,7,4.62,2.75,13,7,1.73,7,7.25,2.01,12,7.58,1.51,12,7,1.49,10,5.11,2.67,9,4.91,2.66,11,6.1,1.97,10,8.33,0.71,9,7.75,1.29,12,6.8,1.62,10,5.86,3.24,7,4.54,2.18,13,6.71,2.36,7,7.42,1.56,12
"riot",122,10,10416,3.15,2.01,40,6.19,2.38,21,3.25,2.38,24,3.16,1.86,19,2.95,1.75,19,6.57,2.07,7,5.92,2.66,13,3.25,2.66,8,3.25,2.32,16,3.81,2.51,16,2.78,1.48,23,5.86,2.54,7,6.31,2.46,13,3.65,2.62,17,2,1.26,6,3.41,2.24,22,2.83,1.69,18,7.18,1.4,11,5.1,2.81,10,3.19,2.37,16,3.38,2.56,8
"room",64,3,10477,5.55,1.53,22,3.1,1.58,21,5.71,2.23,17,5,2,6,5.8,1.37,15,2.57,1.81,7,3.36,1.45,14,5.44,2.6,9,6,1.85,8,5.43,1.83,14,5.86,0.9,7,3.11,1.76,9,3.08,1.51,12,6,3.04,9,5.38,0.74,8,5.43,1.65,14,5.75,1.39,8,2.83,1.6,6,3.2,1.61,15,6.44,2.46,9,4.88,1.73,8
"rose",62,1,10489,7.11,2,18,2.8,1.99,20,6.22,2.07,18,5.88,2.17,8,8.1,1.2,10,3.14,2.12,7,2.62,1.98,13,6.36,1.5,11,6,2.89,7,6.36,2.11,11,8.29,1.11,7,2.44,1.74,9,3.09,2.21,11,6.64,1.43,11,5.57,2.82,7,7,2.04,12,7.33,2.07,6,2.67,1.78,12,3,2.39,8,7.22,1.79,9,5.22,1.92,9
"routine",7,6,10509,4.95,1.61,20,3.15,1.63,20,6.27,2.39,33,4.6,1.84,10,5.3,1.34,10,3.88,1.55,8,2.67,1.56,12,7,1.53,13,5.8,2.75,20,5.11,0.93,9,4.82,2.04,11,3.38,1.8,13,2.71,1.25,7,6.43,2.48,21,6,2.3,12,5.2,0.92,10,4.7,2.11,10,3.21,1.58,14,3,1.9,6,5.81,2.14,16,6.71,2.59,17
"sand",55,14,10634,6.16,1.92,19,3.43,2.6,21,4.82,1.91,28,5,1.26,6,6.69,1.97,13,4,2.79,10,2.91,2.43,11,4.64,2.73,11,4.94,1.2,17,6.27,2,11,6,1.93,8,3.3,2.71,10,3.55,2.62,11,5.17,2.09,18,4.2,1.4,10,5.77,2.05,13,7,1.41,6,3.71,2.87,14,2.86,2.04,7,5.06,2.21,16,4.5,1.45,12
"satire",245,9,10663,5.81,2.09,21,3.73,2.37,22,5.63,2,27,6.1,1.85,10,5.55,2.34,11,4,2.58,7,3.6,2.35,15,5.41,2.32,17,6,1.33,10,6.27,2.28,11,5.3,1.83,10,2,1.41,5,4.24,2.39,17,5.86,2.18,14,5.38,1.85,13,5.62,2.29,13,6.12,1.81,8,3,2.75,10,4.33,1.92,12,6.5,1.7,14,4.69,1.93,13
"scare",231,9,10710,3.55,2.11,22,7.1,2.13,20,4.58,2.61,19,4.31,2.32,13,2.44,1.13,9,7.86,1.46,7,6.69,2.36,13,5.29,2.69,7,4.17,2.59,12,4,2.59,12,3,1.25,10,7.44,2.13,9,6.82,2.18,11,5.1,2.38,10,4,2.87,9,3.67,2.57,12,3.4,1.51,10,7.57,1.4,7,6.85,2.44,13,4.43,2.94,7,4.67,2.53,12
"scientist",195,7,10751,5.83,1.97,23,4.14,2.14,22,6.68,1.49,19,6.62,1.6,8,5.4,2.06,15,5.1,1.97,10,3.33,2.02,12,6.86,1.86,7,6.58,1.31,12,6.08,2.19,12,5.55,1.75,11,4.64,2.11,11,3.64,2.16,11,6.67,1.5,15,6.75,1.71,4,5.09,1.81,11,6.5,1.93,12,4.2,2.1,10,4.08,2.27,12,6.3,1.25,10,7.11,1.69,9
"scream",49,9,10787,3.02,1.62,40,6.74,1.66,23,4.51,2.5,47,3.47,1.46,15,2.76,1.69,25,7.43,0.98,7,6.53,1.85,15,5.06,2.86,18,4.17,2.24,29,3.32,1.63,19,2.76,1.61,21,6.3,2,10,7.25,1.22,12,4.94,2.55,32,3.6,2.2,15,2.54,1.32,24,3.75,1.81,16,6.7,1.75,20,7,1,3,4.6,2.43,25,4.41,2.63,22
"screen",139,3,10790,5.55,1.26,22,4.09,2.37,22,5.63,1.77,19,5.88,1.73,8,5.38,0.96,13,5.12,2.9,8,3.46,1.94,13,5.43,0.79,7,5.82,2.27,11,6.12,1.89,8,5.23,0.6,13,4.33,2.65,9,3.92,2.25,13,4.43,1.62,7,6.33,1.5,12,6,1.61,11,5.09,0.54,11,2.5,1.85,8,5,2.18,14,5.88,1.45,16,4.33,3.06,3
"semester",150,5,10901,5,1.3,21,4.2,2.28,20,4.95,2.29,21,5.33,0.52,6,4.87,1.51,15,4.75,2.19,8,3.83,2.37,12,4.64,1.86,11,5.3,2.75,10,5.17,0.41,6,4.93,1.53,15,5.2,2.35,10,3.2,1.81,10,4.64,2.56,14,5.57,1.62,7,4.71,1.38,7,5.14,1.29,14,4.43,2.5,14,3.67,1.75,6,4.92,2.57,12,5,2,9
"sense",52,8,10918,6.09,1.34,22,3.7,1.81,20,6.29,1.72,17,6.5,1.22,6,5.93,1.44,15,3.43,1.9,7,3.85,1.82,13,6.11,1.83,9,6.5,1.69,8,6.07,1.59,14,6.14,0.9,7,3.33,1.94,9,4,1.73,11,6.67,2.06,9,5.88,1.25,8,6,1.52,14,6.25,1.04,8,3.83,2.48,6,3.64,1.55,14,6.67,1.94,9,5.88,1.46,8
"sex",238,9,10978,6.73,2.07,22,7.6,2.01,915,6.17,2.55,40,6.8,1.3,5,6.71,2.28,17,7.83,1.96,342,7.46,2.04,566,6,2.53,21,6.37,2.63,19,6.73,2.49,11,6.73,1.68,11,7.53,2.1,415,7.65,1.95,496,6.59,2.35,17,5.87,2.7,23,7.3,1.49,10,6.25,2.42,12,7.56,2.13,504,7.64,1.87,411,5.6,2.87,15,6.52,2.33,25
"shame",153,0,11000,2.62,2.11,21,5.4,2.64,20,5.21,2.8,19,3.31,2.39,13,1.5,0.76,8,4.86,2.54,7,5.69,2.75,13,4.86,2.97,7,5.42,2.81,12,3,2.37,12,2.11,1.69,9,4.67,2.74,9,6,2.53,11,5.4,2.59,10,5,3.16,9,2.75,2.34,12,2.44,1.88,9,5.14,2.27,7,5.54,2.9,13,5.57,2.57,7,5,3.02,12
"shelf",110,3,11028,5.62,1.07,21,3.09,1.69,22,6,1.75,22,5.67,1.12,9,5.58,1.08,12,2.83,2.04,6,3.07,1.58,15,5.17,1.94,6,6.31,1.62,16,5.78,1.09,9,5.5,1.09,12,3.4,1.67,5,3,1.73,17,6,1.67,11,6,1.9,11,5.83,1.19,12,5.33,0.87,9,3.44,1.94,9,2.85,1.52,13,6.17,1.7,12,5.8,1.87,10
"shit",181,9,11059,3.91,2.27,22,5.67,2.69,21,4.59,2.27,17,3.83,1.47,6,4.13,2.5,15,6.14,3.08,7,5.43,2.56,14,5.22,1.99,9,3.88,2.47,8,4.93,2.06,14,2.29,1.38,7,5.56,2.55,9,5.75,2.9,12,4.89,2.37,9,4.25,2.25,8,4.14,2.41,14,3.5,2.07,8,6,2.68,6,5.53,2.77,15,4.44,2.51,9,4.75,2.12,8
"shoe",2,3,11069,5.78,1.73,18,2.4,1.67,20,5.44,1.54,18,4.75,1.39,8,6.6,1.58,10,2.14,1.57,7,2.54,1.76,13,5.09,1.51,11,6,1.53,7,5.18,1.54,11,6.71,1.7,7,2,1.32,9,2.73,1.9,11,5.55,1.92,11,5.29,0.76,7,5.17,1.27,12,7,2,6,2.42,1.68,12,2.38,1.77,8,5.67,2.06,9,5.22,0.83,9
"shoulder",294,3,11096,5.1,1.89,20,2.96,1.61,23,4.81,1.4,21,4.2,2.17,5,5.4,1.76,15,3.33,1.15,12,2.55,1.97,11,4.82,1.72,11,4.78,1.09,9,4.64,2.16,11,5.67,1.41,9,3.25,1.61,16,2.29,1.5,7,5.45,0.93,11,4.1,1.52,10,5.69,1.89,13,4,1.41,7,2.89,1.56,19,3.25,2.06,4,5.07,1.14,14,4.29,1.8,7
"sickness",53,6,11142,2.4,1.27,20,3.95,2.25,41,2.8,2.14,20,2.18,0.87,11,2.67,1.66,9,4.69,2.3,16,3.48,2.12,25,2.6,1.58,10,3,2.67,10,2.55,1.51,11,2.22,0.97,9,4.04,2.4,23,3.83,2.09,18,2.88,2.64,8,2.75,1.86,12,2.5,1.65,10,2.3,0.82,10,3.93,2.39,30,4,1.9,11,2.89,2.57,9,2.73,1.85,11
"sight",97,9,11157,7.11,1.41,18,3.2,2.89,20,5.94,1.86,18,6.62,1.51,8,7.5,1.27,10,3.86,3.67,7,2.85,2.48,13,5.55,1.29,11,6.57,2.51,7,6.91,1.38,11,7.43,1.51,7,4.22,3.8,9,2.36,1.63,11,6.27,1.74,11,5.43,2.07,7,7.17,1.59,12,7,1.1,6,3.33,3.08,12,3,2.78,8,5.56,2.24,9,6.33,1.41,9
"sin",184,8,11196,3.08,1.85,40,5.82,2.04,22,5.74,2.21,19,3.36,1.6,14,2.92,1.98,26,6.08,1.83,12,5.5,2.32,10,5.6,2.17,10,5.89,2.37,9,3.41,1.92,22,2.67,1.71,18,5.89,1.96,9,5.77,2.17,13,4.88,1.73,8,6.3,2.5,10,3.39,1.53,23,2.65,2.18,17,4.44,1.74,9,6.77,1.69,13,4.88,1.64,8,6.36,2.42,11
"situation",130,6,11222,5.33,1.53,18,4.05,2.58,20,4.33,2.14,18,5,1.07,8,5.6,1.84,10,4.14,2.97,7,4,2.48,13,4.45,1.92,11,4.14,2.61,7,4.91,1.45,11,6,1.53,7,3.67,2.87,9,4.36,2.42,11,4.55,2.25,11,4,2.08,7,5,1.35,12,6,1.79,6,3.42,2.19,12,5,2.98,8,4.89,2.09,9,3.78,2.17,9
"sleep",115,6,11291,7.22,1.65,41,3.6,2.57,43,5.3,2.58,23,7.25,1.8,20,7.19,1.54,21,3.88,2.58,16,3.44,2.61,27,4.56,3.24,9,5.79,2.04,14,7.1,1.97,20,7.33,1.32,21,3.91,2.71,23,3.25,2.43,20,5.33,2.64,15,5.25,2.66,8,7.04,1.89,23,7.44,1.29,18,3.73,2.75,26,3.41,2.35,17,5.38,3.01,13,5.2,2.04,10
"snake",41,13,11378,4.03,1.79,38,7.24,1.61,21,3.65,2.28,20,4.08,1.77,24,3.93,1.9,14,7.71,0.49,7,7,1.92,14,4,2.26,10,3.3,2.36,10,4.47,1.87,17,3.67,1.68,21,7.1,1.52,10,7.36,1.75,11,4.5,2.56,8,3.08,1.98,12,4.23,1.97,22,3.75,1.53,16,7,1.63,13,7.62,1.6,8,4.33,2.83,9,3.09,1.64,11
"society",207,8,11440,5.24,1.61,21,4.55,2.04,20,6.32,2.56,19,5.38,1.56,13,5,1.77,8,4.14,1.35,7,4.77,2.35,13,7.14,1.57,7,5.83,2.95,12,5.08,1.62,12,5.44,1.67,9,4.33,2.12,9,4.73,2.05,11,6.5,2.01,10,6.11,3.18,9,5.33,1.67,12,5.11,1.62,9,5.43,1.81,7,4.08,2.06,13,7,2.38,7,5.92,2.68,12
"soldier",170,7,11462,5.45,2.34,22,5.9,2.55,20,5.84,2.69,19,4.92,2.18,13,6.22,2.49,9,7.29,1.6,7,5.15,2.7,13,6.57,2.51,7,5.42,2.81,12,6.17,2.66,12,4.6,1.65,10,6.56,2.6,9,5.36,2.5,11,7,2.21,10,4.56,2.7,9,6.5,2.61,12,4.2,1.14,10,6.57,2.3,7,5.54,2.7,13,6.86,2.79,7,5.25,2.56,12
"speech",50,11,11576,5.62,1.88,21,4.1,1.83,20,6.68,2.14,19,5.69,1.44,13,5.5,2.56,8,4.86,1.57,7,3.69,1.89,13,7,1.53,7,6.5,2.47,12,5.58,1.62,12,5.67,2.29,9,4.22,1.99,9,4,1.79,11,6.9,1.97,10,6.44,2.4,9,5.33,1.92,12,6,1.87,9,4.86,1.68,7,3.69,1.84,13,6.86,2.19,7,6.58,2.19,12
"sport",11,2,11640,6.95,2.08,22,4.7,2.58,20,6.21,2.37,19,6.92,2.29,13,7,1.87,9,5.86,2.73,7,4.08,2.36,13,6.71,2.36,7,5.92,2.43,12,7.08,2.5,12,6.8,1.55,10,4.67,2.69,9,4.73,2.61,11,6.7,2.26,10,5.67,2.5,9,6.83,2.37,12,7.1,1.79,10,3.71,1.25,7,5.23,2.98,13,7.71,1.25,7,5.33,2.46,12
"squeal",1,0,11686,5.14,1.8,21,5.45,2.68,20,4.57,2.13,21,5.5,1.38,6,5,1.96,15,5,3.25,8,5.75,2.34,12,4.27,2.05,11,4.9,2.28,10,4.17,1.47,6,5.53,1.81,15,5.2,3.12,10,5.7,2.31,10,4.71,2.27,14,4.29,1.98,7,4.71,1.25,7,5.36,2.02,14,5.64,3.1,14,5,1.41,6,4.42,2.15,12,4.78,2.22,9
"stampede",13,10,11729,4.48,2.14,21,6.2,2.48,20,3.69,2.61,36,4.75,2.12,8,4.31,2.21,13,7.2,1.92,5,5.87,2.61,15,3.91,2.7,11,3.6,2.61,25,4.62,2.57,13,4.25,1.28,8,6.42,2.47,12,5.88,2.64,8,4,2.29,20,3.31,2.98,16,5.55,1.92,11,3.3,1.77,10,6.18,2.32,11,6.22,2.82,9,3.45,2.54,22,4.07,2.76,14
"stapler",222,3,11741,5.25,1.74,20,3.29,2.31,21,6.42,1.84,19,4.67,2.06,9,5.73,1.35,11,2.8,2.49,5,3.6,2.29,15,7.33,1.51,6,6,1.87,13,5.29,1.98,14,5.17,1.17,6,3.42,2.31,12,3.38,2.45,8,5.44,1.33,9,7.3,1.83,10,5.9,2.08,10,4.6,1.07,10,3.08,2.64,12,3.56,1.88,9,6.5,1.64,6,6.38,1.98,13
"step",264,1,11807,5.68,1.49,22,3.48,1.86,21,6,1.84,17,5.17,1.83,6,5.93,1.39,15,3,2.24,7,3.71,1.68,14,5.89,2.09,9,6.12,1.64,8,5.86,1.79,14,5.43,0.79,7,3.11,1.83,9,3.75,1.91,12,6.44,2.19,9,5.5,1.31,8,5.64,1.69,14,5.75,1.16,8,3.5,2.17,6,3.47,1.81,15,6.56,2.19,9,5.38,1.19,8
"stone",146,14,11863,4.81,1.66,21,3.25,2.2,20,7.26,2.31,19,4.85,1.57,13,4.75,1.91,8,3.57,1.81,7,3.08,2.43,13,7.71,1.7,7,7,2.63,12,5.25,1.36,12,4.22,1.92,9,2.56,1.59,9,3.82,2.52,11,7.4,1.9,10,7.11,2.8,9,4.92,1.51,12,4.67,1.94,9,3.86,1.57,7,2.92,2.47,13,7.86,1.86,7,6.92,2.54,12
"store",48,3,11874,5.94,1.76,18,3.43,1.99,21,5.44,1.54,18,5.62,1.19,8,6.2,2.15,10,3.57,2.57,7,3.36,1.74,14,5.09,0.7,11,6,2.31,7,5.64,1.12,11,6.43,2.51,7,4.11,2.37,9,2.92,1.56,12,5.82,1.47,11,4.86,1.57,7,5.42,1.56,12,7,1.79,6,3.42,2.02,12,3.44,2.07,9,5.56,1.51,9,5.33,1.66,9
"storm",45,4,11877,5.74,2.51,19,5.86,2.73,22,3.72,2.61,18,6.11,2.03,9,5.4,2.95,10,5.62,2.83,8,6,2.77,14,3.5,2.55,10,4,2.83,8,6.44,2.35,9,5.1,2.6,10,6.1,2.6,10,5.67,2.93,12,4.29,2.75,7,3.36,2.58,11,5.25,2.63,12,6.57,2.23,7,5.38,3.42,8,6.14,2.35,14,3.67,2.35,9,3.78,2.99,9
"strategy",228,1,11902,5.95,1.66,21,4.15,2.51,26,6.67,1.93,24,6.44,2.3,9,5.58,0.9,12,3.8,2.86,10,4.38,2.33,16,7,1.12,9,6.47,2.29,15,6.43,1.13,7,5.71,1.86,14,4.46,2.63,13,3.85,2.44,13,6,2,12,7.33,1.67,12,5.09,1.58,11,6.9,1.2,10,3.73,2.6,15,4.73,2.37,11,6.62,2.14,13,6.73,1.74,11
"study",172,6,11954,5.78,1.99,18,2.55,1.76,20,5.33,2.43,18,4.75,1.98,8,6.6,1.65,10,2.86,2.19,7,2.38,1.56,13,4.45,2.02,11,6.71,2.5,7,5,1.79,11,7,1.73,7,2.22,2.11,9,2.82,1.47,11,5.64,2.16,11,4.86,2.91,7,5.5,2.15,12,6.33,1.63,6,2,1.54,12,3.38,1.85,8,5,2.87,9,5.67,2,9
"stupidity",229,0,11967,2.71,1.79,21,4.5,2.93,20,4.32,2.46,22,2.5,1.05,6,2.8,2.04,15,5.38,3.16,8,3.92,2.75,12,4.25,2.6,12,4.4,2.41,10,3.33,2.5,9,2.25,0.87,12,5.22,2.77,9,3.91,3.05,11,5.43,2.37,7,3.8,2.4,15,2.9,2.38,10,2.55,1.13,11,4.54,2.57,13,4.43,3.74,7,4.83,2.89,12,3.7,1.77,10
"subway",28,10,12022,5.44,2.12,18,4.41,2.7,22,4.68,1.78,22,6.12,2.53,8,4.9,1.66,10,5.38,2.5,8,3.86,2.74,14,3.82,1.08,11,5.55,1.97,11,6.33,2.16,6,5,2.04,12,5,1.94,10,3.92,3.2,12,4.92,2.22,13,4.33,0.87,9,5.4,2.27,10,5.5,2.07,8,5.25,3.37,8,3.93,2.23,14,4.93,1.86,14,4.25,1.67,8
"summer",132,14,12062,7.5,1.89,18,5.48,2.86,21,6.61,1.69,18,6.38,2.2,8,8.4,0.97,10,5.29,2.63,7,5.57,3.06,14,6.18,1.6,11,7.29,1.7,7,6.73,2,11,8.71,0.76,7,5.33,3.2,9,5.58,2.71,12,6.55,1.63,11,6.71,1.89,7,7.08,2.07,12,8.33,1.21,6,5.08,2.78,12,6,3.04,9,6.67,1.87,9,6.56,1.59,9
"sweetness",166,0,12186,7.37,1.54,19,4.37,3.02,19,5.92,1.79,26,7.73,1.42,11,6.88,1.64,8,4.86,2.27,7,4.08,3.45,12,5.23,2.01,13,6.62,1.26,13,7.09,1.87,11,7.75,0.89,8,4.5,2.99,10,4.22,3.23,9,5.71,2.05,17,6.33,1.12,9,7,2.06,9,7.7,0.82,10,4.33,3.26,12,4.43,2.82,7,5.88,1.86,16,6,1.76,10
"system",108,1,12246,5.5,1.19,22,3.38,2.01,21,5.65,2.67,17,6.17,0.98,6,5.27,1.22,15,2.29,1.89,7,3.93,1.9,14,7,1.87,9,4.12,2.7,8,5.36,1.34,14,5.86,0.9,7,3.67,2.06,9,3.17,2.04,12,6.22,2.77,9,5,2.56,8,5.5,0.94,14,5.5,1.6,8,3.83,2.32,6,3.2,1.93,15,5.56,2.74,9,5.75,2.76,8
"table",256,3,12252,5.49,1.34,41,3,2.02,44,5.84,1.64,19,5.08,1.89,13,5.68,0.98,28,2.87,1.96,15,3.07,2.09,29,5.7,1.7,10,6,1.66,9,5.35,1.22,17,5.58,1.44,24,3.6,2.26,20,2.5,1.69,24,5.62,1.51,8,6.1,1.85,10,5.57,1.2,23,5.39,1.54,18,2.7,1.96,27,3.47,2.1,17,5.25,1.39,8,6.27,1.74,11
"team",105,2,12349,5.91,1.6,22,3.38,2.06,21,6.53,2.24,17,6.17,1.72,6,5.93,1.58,15,3.29,2.43,7,3.43,1.95,14,7.44,1.74,9,5.5,2.39,8,6.14,1.7,14,5.71,1.38,7,2.89,2.42,9,3.75,1.76,12,7.33,2.12,9,5.62,2.13,8,5.5,1.51,14,6.62,1.6,8,3.17,2.4,6,3.47,2,15,7.22,2.33,9,5.75,1.98,8
"tennis",57,2,12418,5.4,1.85,42,3.89,2.53,47,5.68,1.95,25,5.57,1.79,14,5.32,1.91,28,4.63,2.31,19,3.39,2.59,28,5.7,1.77,10,5.67,2.13,15,5.57,2.02,23,5.21,1.65,19,3.96,2.05,24,3.83,2.99,23,5.71,1.89,7,5.67,2.03,18,5,1.93,24,5.94,1.63,18,3.94,2.5,32,3.8,2.68,15,4.56,1.67,9,6.31,1.85,16
"testimony",275,11,12455,5.05,1.96,20,4.22,2.15,23,4.63,2.24,19,4.9,1.6,10,5.2,2.35,10,4.86,2.27,7,4.07,2.12,15,4.7,2.63,10,4.56,1.88,9,5.3,2,10,4.8,1.99,10,4.9,2.33,10,3.83,1.95,12,3.75,1.91,8,5,2.26,10,5.08,1.98,13,5,2.08,7,4.25,2.24,20,4,1.73,3,4.38,2.39,8,4.82,2.23,11
"thing",193,9,12493,5.55,1.26,22,3.43,2.01,21,5.41,1.87,17,6.17,1.33,6,5.33,1.23,15,3,1.91,7,3.64,2.1,14,5.33,1.87,9,5.5,2,8,5.79,1.42,14,5.14,0.9,7,3.78,2.49,9,3.17,1.64,12,6,2.24,9,4.75,1.16,8,5.79,1.42,14,5.12,0.83,8,3.83,2.56,6,3.27,1.83,15,5.78,2.44,9,5,0.93,8
"thirst",243,0,12498,4.14,1.88,21,4.12,2.72,24,6,2.29,20,4.12,1.73,8,4.15,2.03,13,4.83,1.72,6,3.89,2.99,18,6.55,2.38,11,5.33,2.12,9,3.42,1.73,12,5.11,1.69,9,4.9,2.51,10,3.57,2.82,14,6.54,2.33,13,5,2,7,3.86,1.92,14,4.71,1.8,7,4.19,2.71,16,4,2.93,8,6,2.49,12,6,2.14,8
"thought",283,9,12509,6.76,1.65,42,4.16,2.29,45,6.15,2.48,20,6.18,1.47,11,7,1.7,30,3.8,1.99,20,4.44,2.5,25,5.83,2.32,6,6.29,2.61,14,6.85,1.63,20,6.68,1.7,22,4.07,2.04,27,4.28,2.67,18,5.5,2.51,10,6.8,2.39,10,6.55,1.79,20,6.95,1.53,22,4.45,2.2,29,3.62,2.42,16,6.25,2.96,8,6.08,2.23,12
"toothbrush",237,3,12640,5.58,1.68,19,3.38,2.25,21,6.21,2.19,24,4.5,1.76,6,6.08,1.44,13,3.55,2.54,11,3.2,1.99,10,5.25,1.75,8,6.69,2.27,16,5.9,1.29,10,5.22,2.05,9,3.5,2.51,8,3.31,2.18,13,5.94,2.38,17,7.17,1.47,6,6,1.41,8,5.27,1.85,11,4,2.51,8,3,2.08,13,5.88,2.45,16,6.88,1.46,8
"top",31,1,12645,6,1.98,22,4.33,2.31,21,6.25,2.14,16,6.17,2.99,6,5.87,1.6,15,4.14,2.54,7,4.43,2.28,14,6.12,2.59,8,6.38,1.77,8,6.07,2.16,14,5.71,1.8,7,4.11,2.71,9,4.5,2.07,12,6.38,2.92,8,6.12,1.13,8,5.79,2.22,14,6.38,1.51,8,5,2.9,6,4.07,2.09,15,6.88,2.7,8,5.62,1.3,8
"torment",281,0,12653,2.53,1.81,19,6.17,2.53,18,3.96,2.76,24,2.8,2.05,5,2.43,1.79,14,7,1.87,5,5.85,2.73,13,4.62,2.96,13,3.18,2.4,11,3.3,2.11,10,1.67,0.87,9,7.14,1.86,7,5.55,2.77,11,4.88,2.83,16,2.12,1.46,8,1.85,1.21,13,4,2.1,6,6.25,2.9,12,6,1.79,6,3.8,3,15,4.22,2.44,9
"tornado",61,4,12654,3.63,2.27,19,7.45,2.19,20,2.87,2.64,46,3.17,1.17,6,3.85,2.64,13,8,1.29,7,7.15,2.54,13,3.73,3.1,15,2.45,2.32,31,3.5,1.58,10,3.78,2.95,9,7.36,2.2,11,7.56,2.3,9,3.21,2.86,24,2.5,2.39,22,3.5,2.2,8,3.73,2.41,11,8.17,1.75,12,6.38,2.45,8,3.33,2.94,30,2,1.71,16
"tourist",9,14,12675,5.71,1.76,21,3.57,2.18,21,5.05,2.01,22,6,1.73,13,5.25,1.83,8,3.45,1.97,11,3.89,2.57,9,5.83,2.48,6,4.75,1.81,16,5.7,2.06,10,5.73,1.56,11,3.18,2.32,11,4,2.05,10,5.23,2.13,13,4.78,1.92,9,5.75,1.71,12,5.67,1.94,9,2.77,1.64,13,4.88,2.42,8,5.25,2.01,12,4.8,2.1,10
"tribute",27,5,12808,6.44,1.92,18,4.27,2.37,22,5.91,2.27,22,6.64,1.86,11,5.83,2.14,6,5.12,2.8,8,3.79,2.04,14,5.83,2.86,6,5.94,2.11,16,5.88,2.1,8,6.9,1.73,10,3.67,2,9,4.69,2.59,13,5.27,2.57,11,6.55,1.81,11,6.73,2.24,11,6,1.29,7,3.82,2.71,11,4.73,2,11,6,2.48,13,5.78,2.05,9
"truck",75,10,12854,5.16,1.07,19,3.76,2.26,21,5.43,1.96,61,5.67,0.58,3,5.06,1.12,16,4.62,2.56,8,3.23,1.96,13,5.05,1.86,22,5.66,2.03,38,5.44,1.01,9,4.9,1.1,10,3.44,1.88,9,4,2.56,12,5.41,2.11,37,5.48,1.78,23,5.71,1.11,7,4.83,0.94,12,4.1,2.28,10,3.45,2.3,11,5.59,2.2,39,5.14,1.46,22
"trumpet",58,5,12860,6.03,1.58,39,4.17,2.22,42,6.02,1.99,47,6.44,1.21,16,5.74,1.76,23,3.56,2.37,16,4.56,2.12,25,6.06,2.01,18,6,2.02,29,5.87,1.66,23,6.2,1.52,15,3.76,2.34,21,4.6,2.11,20,5.69,1.98,26,6.43,1.99,21,6.4,1.39,20,5.63,1.71,19,4.22,2.28,23,4.11,2.21,19,6.13,2.01,30,5.82,2.01,17
"trust",158,8,12862,7.24,1.96,41,4.3,2.7,47,6.95,1.86,22,7.05,1.79,20,7.43,2.13,21,3.71,2.23,14,4.55,2.87,33,7,1.41,10,6.92,2.23,12,7.35,1.53,20,7.14,2.33,21,4.87,2.91,23,3.75,2.42,24,7.27,1.56,11,6.64,2.16,11,7.22,1.76,23,7.28,2.24,18,4.76,2.91,25,3.77,2.41,22,7.27,1.56,11,6.64,2.16,11
"truth",114,8,12866,7.19,1.78,43,3.88,2.74,42,6.95,2.16,57,6.77,2,22,7.62,1.43,21,3.32,2.4,19,4.45,2.99,22,6.42,2.47,26,7.39,1.78,31,6.86,2.03,22,7.52,1.44,21,4.12,3,17,3.72,2.61,25,6.54,2.36,37,7.7,1.49,20,7.15,1.91,26,7.24,1.6,17,4.53,3.01,19,3.35,2.44,23,6.65,2.36,31,7.31,1.87,26
"turtle",10,13,12909,6.16,1.98,19,2.52,1.63,21,5.82,2.06,22,5.78,2.05,9,6.5,1.96,10,3.38,2.2,8,2,0.91,13,6.09,2.12,11,5.55,2.07,11,6.14,1.21,7,6.17,2.37,12,3.1,1.91,10,2,1.18,11,5.38,2.22,13,6.44,1.74,9,6.8,1.75,10,5.44,2.07,9,2.57,2.23,7,2.5,1.34,14,5.86,2.18,14,5.75,1.98,8
"type",284,1,12945,6.06,1.63,18,2.86,2.2,21,4.89,2.05,18,5.5,1.51,8,6.5,1.65,10,2.86,2.67,7,2.86,2.03,14,4.36,1.63,11,5.71,2.5,7,5.73,1.49,11,6.57,1.81,7,2.44,2.65,9,3.17,1.85,12,5.64,2.01,11,3.71,1.6,7,5.67,1.3,12,6.83,2.04,6,3.08,2.54,12,2.56,1.74,9,5.22,2.17,9,4.56,2.01,9
"use",295,1,13267,5.18,1.4,22,4.19,2.66,21,5,2.2,18,5.33,2.34,6,5.07,0.96,15,2.71,2.43,7,4.93,2.53,14,4.89,2.2,9,5.5,2.14,8,5,1.52,14,5.43,1.27,7,4.22,2.73,9,4.17,2.72,12,5.3,2.67,10,4.62,1.51,8,5.36,1.6,14,4.88,0.99,8,4.67,2.94,6,4,2.62,15,5.3,2.67,10,4.62,1.51,8
"vacation",211,14,13283,8.53,0.77,19,5.22,2.92,49,7.11,2.03,47,8.33,0.82,6,8.62,0.77,13,6,2.71,19,4.73,2.98,30,7.19,1.74,26,7,2.39,21,8.4,0.84,10,8.67,0.71,9,4.92,2.81,24,5.52,3.04,25,7.1,2.16,29,7.11,1.88,18,8.88,0.35,8,8.27,0.9,11,5.85,2.65,33,3.94,3.11,16,6.73,2.29,26,7.57,1.6,21
"van",92,10,13313,4.43,1.75,21,4.35,2.12,23,5.35,1.73,17,4.6,1.52,5,4.38,1.86,16,4.83,1.99,12,3.82,2.23,11,5,1.94,9,5.29,0.76,7,3.67,1.44,12,5.44,1.67,9,4.31,1.89,16,4.43,2.76,7,5.4,1.58,10,5.29,2.06,7,4.46,2.11,13,4.38,1.06,8,4.21,2.3,19,5,0.82,4,5.5,1.38,12,5,2.55,5
"victim",183,7,13414,2.05,1.27,19,5.37,2.36,41,2.77,1.99,44,2.11,1.27,9,2,1.33,10,5.05,2.15,19,5.64,2.56,22,3,1.88,18,2.62,2.08,26,3,1.41,7,1.5,0.8,12,4.94,2.71,18,5.7,2.05,23,3.16,2.03,25,2.26,1.85,19,2.5,1.51,10,1.56,0.73,9,5.27,2.29,26,5.53,2.56,15,2.84,2.43,25,2.68,1.25,19
"volcano",30,4,13488,4.59,2.3,41,6.7,1.38,20,3.62,2.67,45,5.38,2.6,13,4.21,2.1,28,6.25,1.49,8,7,1.28,12,3.57,2.34,21,3.67,2.97,24,4,2.28,21,5.2,2.21,20,7.22,0.97,9,6.27,1.56,11,4.47,2.84,19,3,2.4,26,4.26,2.61,23,5,1.81,18,6.7,1.16,10,6.7,1.64,10,3.48,3.01,21,3.75,2.38,24
"voter",66,11,13501,4.85,2.01,20,4.75,2.36,20,5.69,2.07,26,4.91,1.87,11,4.78,2.28,9,6,2,7,4.08,2.33,13,5.69,2.29,13,5.69,1.93,13,4.18,2.44,11,5.67,0.87,9,4.36,2.42,11,5.22,2.33,9,5.82,2.01,17,5.44,2.3,9,4,2.49,10,5.7,0.82,10,4.83,2.95,12,4.62,1.19,8,6.12,2.13,16,5,1.89,10
"wealth",6,8,13607,7.33,1.93,21,5.24,2.4,25,6.53,2.39,19,6.78,2.44,9,7.75,1.42,12,5,2.1,6,5.33,2.61,18,6.57,2.88,7,6.5,2.2,12,7.06,2.11,16,8.2,0.84,5,4.93,2.59,14,5.7,2.31,10,5.67,2.45,9,7.3,2.16,10,7.83,1.19,12,6.67,2.55,9,4.88,2.39,16,5.89,2.42,9,6.91,2.66,11,6,2,8
"win",163,2,13733,6.97,2.09,40,5.61,3.24,23,7.86,1.32,22,6.08,2.02,13,7.41,2.02,27,5.55,3.11,11,5.67,3.5,12,7.73,1.62,11,8,1,11,7.14,2.39,21,6.79,1.75,19,5.91,3.45,11,5.33,3.17,12,7.54,1.45,13,8.33,1,9,7.13,2.34,23,6.76,1.75,17,5,3.52,11,6.17,3.01,12,7.86,1.51,14,7.88,0.99,8
"window",203,3,13738,6.47,1.62,43,3.27,1.91,41,5.39,2.59,18,6,1.34,11,6.58,1.71,31,3.44,1.79,18,3.13,2.03,23,6.1,2.69,10,4.5,2.33,8,6.62,1.53,21,6.32,1.73,22,4.08,1.89,24,2.12,1.27,17,5.12,2.64,8,5.33,2.69,9,6.67,1.74,21,6.27,1.52,22,3.22,2.03,27,3.36,1.74,14,6,2.83,7,5,2.49,11
"woe",221,0,13784,3.38,1.66,21,4.71,2.41,21,3.92,2.68,25,3,1.6,12,3.89,1.69,9,5.86,1.68,7,4.14,2.57,14,4.4,2.46,10,3.6,2.85,15,3,1.63,4,3.47,1.7,17,4.4,2.72,10,5,2.19,11,3.71,3.35,7,4,2.47,18,3.58,1.78,12,3.11,1.54,9,4.46,2.6,13,5.12,2.17,8,3.44,3.24,9,4.19,2.37,16
"woman",225,7,13788,7.09,1.44,22,3.8,2.4,20,5.93,1.91,15,6.67,1.86,6,7.27,1.33,15,4.57,3.26,7,3.38,1.8,13,5.29,2.06,7,6.5,1.69,8,6.93,1.49,14,7.43,1.51,7,3.11,1.96,9,4.36,2.66,11,6.38,2.45,8,5.43,0.98,7,7.07,1.54,14,7.12,1.36,8,2.5,1.64,6,4.36,2.5,14,6.62,2.07,8,5.14,1.46,7
"wonder",262,9,13792,6.68,1.7,22,4.38,2.6,21,6.44,2.53,18,6.67,1.97,6,6.6,1.68,15,3.57,2.44,7,4.79,2.67,14,5.89,2.98,9,7,2.14,8,6.29,1.59,14,7.29,1.89,7,4.56,2.88,9,4.25,2.49,12,6.5,2.88,10,6.38,2.2,8,6.43,1.45,14,7.12,2.1,8,5.33,3.44,6,4,2.2,15,6.8,2.97,10,6,1.93,8
"worker",36,7,13811,5.95,1.47,20,3.6,2.01,20,6.29,1.9,24,6.25,1.71,4,5.88,1.45,16,5.25,2.22,4,3.19,1.8,16,6,2.45,9,6.47,1.55,15,5.75,1.28,8,6.08,1.62,12,4.22,2.33,9,3.09,1.64,11,6,2.04,14,6.7,1.7,10,6,1.34,11,5.89,1.69,9,3.6,1.78,10,3.6,2.32,10,6.47,2.07,17,5.86,1.46,7
"world",176,2,13820,6.46,1.57,39,4.55,2.3,42,5.12,2.47,41,6.71,1.79,17,6.27,1.39,22,5.12,2.25,16,4.19,2.3,26,5,2.57,21,5.25,2.43,20,6.42,1.64,19,6.53,1.58,19,4.79,2.44,19,4.35,2.21,23,4.24,2.36,17,5.75,2.4,24,6.67,1.69,24,6.13,1.36,15,4.76,2.54,25,4.24,1.92,17,5.38,2.63,16,4.96,2.41,25
"zoo",188,13,13913,7,1.58,21,5.63,2.54,19,6.33,2.56,21,6.67,1.51,6,7.13,1.64,15,6.12,2.36,8,5.27,2.72,11,5.82,3.12,11,6.9,1.73,10,6.17,1.47,6,7.33,1.54,15,6,2.54,10,5.22,2.64,9,6.29,2.52,14,6.43,2.82,7,7.29,1.5,7,6.86,1.66,14,5.85,2.76,13,5.17,2.14,6,5.67,2.87,12,7.22,1.86,9
